0	2397.000000	2558.000000	4109.000000	2569.000000	2687.000000	2629.000000	4077.000000	2635.000000	
1	2397.000000	2558.000000	4095.000000	2569.000000	2687.000000	2629.000000	4077.000000	2635.000000	
2	2396.027344	2558.000000	4031.190430	2569.000000	2688.945312	2629.000000	4021.560547	2636.945312	
3	2397.918457	2557.040771	4095.000000	2567.081543	2687.081543	2630.918457	4076.593750	2634.122314	
4	2395.163574	2557.945557	4055.219238	2567.945557	2688.890869	2629.109131	4092.236084	2637.781738	
5	2395.000000	2557.068359	4095.000000	2566.136475	2686.204834	2628.068359	4081.819092	2632.409668	
6	2395.000000	2557.918213	4045.748291	2571.508789	2688.754395	2629.836182	4057.128662	2633.836182	
7	2397.715820	2558.905273	4095.000000	2567.473633	2685.378906	2628.189453	4095.000000	2633.094727	
8	2397.107178	2560.785400	4062.685059	2568.785400	2685.000000	2628.000000	4048.615723	2634.785400	
9	2395.238281	2559.238281	4092.234619	2567.238281	2685.000000	2627.119141	4073.592041	2635.880859	
10	2398.479736	2559.869873	4036.976562	2567.869873	2686.739746	2628.739746	4064.951416	2635.130127	
11	2396.419678	2557.419678	4095.000000	2567.139893	2685.279785	2629.860107	4095.000000	2634.139893	
12	2396.850830	2559.552734	4082.920410	2569.552734	2690.105469	2631.701904	4095.000000	2635.701904	
13	2397.842285	2559.157715	4095.000000	2566.631348	2689.315674	2632.000000	4095.000000	2636.000000	
14	2397.166504	2558.166504	4046.643066	2568.500732	2689.000000	2630.332764	4056.817383	2638.500732	
15	2396.174805	2558.825195	4064.187012	2569.825195	2684.873535	2630.825195	4089.090820	2635.698730	
16	2397.634277	2559.817139	4084.890869	2569.182861	2688.085449	2630.182861	4067.767090	2635.817139	
17	2396.380859	2560.000000	4095.000000	2568.190430	2687.380859	2630.000000	4078.001953	2636.000000	
18	2396.000000	2559.197754	4065.860840	2568.000000	2688.604248	2630.000000	4005.796387	2638.406494	
19	2395.205322	2559.000000	4084.782471	2567.205322	2688.205322	2628.410889	4071.223145	2638.205322	
20	2395.000000	2555.852783	4057.593750	2567.786865	2688.000000	2628.786865	4023.760986	2636.426270	
21	2395.779297	2556.558594	4087.741943	2568.000000	2685.662354	2629.000000	4080.587402	2636.000000	
22	2396.000000	2557.771729	4049.601807	2570.315430	2686.543701	2629.771729	4058.004639	2636.000000	
23	2396.000000	2557.235840	4076.263672	2570.235840	2690.056641	2629.235840	4077.857910	2636.000000	
24	2396.756104	2557.756104	4074.635010	2570.000000	2687.975830	2629.756104	4044.905029	2635.243896	
25	2396.252197	2558.000000	4095.000000	2567.756348	2687.747803	2629.252197	4060.166992	2634.252197	
26	2394.521973	2560.217041	4065.136719	2569.956299	2688.000000	2628.260986	4067.043701	2634.739014	
27	2396.187744	2558.812256	4088.483398	2566.624512	2686.541504	2627.270752	4095.000000	2635.000000	
28	2396.281738	2558.000000	4066.932373	2569.309570	2686.718262	2630.591309	4071.031494	2637.154785	
29	2395.293213	2559.413818	4059.069092	2568.172363	2686.293213	2629.879395	4094.707275	2634.465576	
30	2397.780762	2560.000000	4034.191162	2569.780762	2686.000000	2630.390381	4056.382324	2634.390381	
31	2396.268799	2558.634277	4095.000000	2568.951660	2685.317139	2630.317139	4077.065186	2634.317139	
32	2396.339600	2559.339600	4085.098389	2569.339600	2686.339600	2630.000000	4076.567871	2634.669678	
33	2397.000000	2558.031250	4081.655518	2566.718994	2687.000000	2628.687500	4090.936523	2633.687500	
34	2397.000000	2558.285156	4039.666504	2567.570312	2686.357422	2628.000000	4061.590088	2633.000000	
35	2396.371094	2557.113281	4077.917725	2568.371094	2686.628906	2629.257812	4095.000000	2633.628906	
36	2396.614746	2557.229248	4081.736084	2568.000000	2688.229248	2630.000000	4079.828613	2635.229248	
37	2397.599609	2557.400391	4071.591064	2568.599609	2687.800781	2629.400391	4075.381348	2634.201172	
38	2398.583740	2557.000000	4071.245117	2569.000000	2688.167236	2627.832764	4066.151611	2635.334717	
39	2398.432617	2557.567383	4087.126953	2567.297852	2689.000000	2626.432617	4066.857666	2637.000000	
40	2397.449219	2559.652588	4077.007812	2568.754395	2687.898193	2628.754395	4031.871582	2635.898193	
41	2396.466309	2560.466309	4080.617432	2568.865234	2686.466309	2629.932617	4057.178223	2634.466309	
42	2397.031738	2560.000000	4064.310547	2568.031738	2688.063477	2631.063477	4061.866455	2635.547607	
43	2398.000000	2560.497559	4063.819092	2569.000000	2688.507568	2633.000000	4060.753662	2636.502441	
44	2398.478516	2559.564453	4071.767822	2569.957031	2689.392578	2633.478516	4079.375244	2636.000000	
45	2397.623291	2558.917725	4067.615723	2571.458984	2691.082275	2633.541016	4077.663574	2636.458984	
46	2396.000000	2560.438721	4082.770264	2571.122803	2689.122803	2633.000000	4077.715576	2637.000000	
47	2396.836426	2559.745361	4082.072754	2569.581787	2688.000000	2631.745361	4050.909180	2636.581787	
48	2397.602051	2558.397949	4070.612793	2569.397949	2687.204346	2630.397949	4072.838623	2636.000000	
49	2397.377686	2558.622314	4053.297607	2569.244629	2686.000000	2629.866943	4073.707275	2635.622314	
50	2397.642334	2558.357666	4090.093018	2568.715332	2686.715332	2628.357666	4072.612061	2635.715332	
51	2397.675537	2559.337891	4052.281738	2570.000000	2687.324463	2629.000000	4060.997559	2636.324463	
52	2398.364014	2560.635986	4078.100098	2570.635986	2687.271973	2629.954102	4095.000000	2635.954102	
53	2396.701416	2560.506836	4058.633545	2571.104004	2689.104004	2631.402832	4085.751221	2637.402832	
54	2396.559814	2557.839600	4080.406738	2568.720215	2687.559814	2630.559814	4095.000000	2636.279785	
55	2397.477295	2559.477295	4058.190674	2568.522705	2687.954834	2630.954834	4082.029541	2637.000000	
56	2396.728027	2558.000000	4078.991943	2570.000000	2685.970703	2628.728027	4095.000000	2636.029297	
57	2398.775879	2557.775879	4059.830078	2570.224121	2689.000000	2629.878906	4051.781250	2633.672607	
58	2398.000000	2557.617676	4074.234619	2570.588135	2689.205811	2626.617676	4095.000000	2635.588135	
59	2398.000000	2559.812500	4059.877930	2569.187500	2689.624756	2629.562744	4095.000000	2634.000000	
60	2397.830322	2558.830322	4090.435791	2569.490723	2688.169678	2632.000000	4095.000000	2634.169678	
61	2396.694824	2557.847412	4078.644775	2567.152588	2689.000000	2631.542236	4059.271729	2634.847412	
62	2395.271729	2557.135742	4095.000000	2567.728271	2689.135742	2629.271729	4079.197021	2634.000000	
63	2396.880371	2558.239258	4031.940674	2566.119629	2689.880371	2631.000000	4057.872070	2633.760742	
64	2396.417969	2559.895508	4081.119141	2567.104492	2689.104492	2631.000000	4074.402100	2632.626953	
65	2399.459473	2558.819824	4066.801758	2568.000000	2689.639648	2630.909912	4039.234131	2637.909912	
66	2394.228516	2557.000000	4079.591309	2568.076172	2686.304688	2630.152344	4080.857178	2636.847656	
67	2397.124756	2557.000000	4020.669434	2568.937744	2689.812988	2631.875244	4069.991943	2635.000000	
68	2399.000000	2557.095947	4095.000000	2568.095947	2687.000000	2630.047852	4095.000000	2635.047852	
69	2399.000000	2558.967041	4066.956055	2570.000000	2686.967041	2630.901123	4006.626465	2635.934082	
70	2398.981689	2558.073730	4094.245361	2570.036865	2686.018311	2628.055176	4095.000000	2634.018311	
71	2397.991943	2561.991943	4054.055908	2571.991943	2687.003906	2630.979980	4037.358643	2635.003906	
72	2396.020996	2560.020996	4067.852783	2570.020996	2687.989502	2626.052490	4095.000000	2635.989502	
73	2398.926025	2559.024658	4053.369873	2570.000000	2688.000000	2631.852051	4053.849854	2636.000000	
74	2396.115234	2558.038330	4095.000000	2568.076904	2685.115234	2629.115234	4095.000000	2635.038330	
75	2396.000000	2557.051758	4092.620117	2569.896729	2685.948242	2630.896729	4055.100098	2634.051758	
76	2396.935547	2556.064453	4095.000000	2569.064453	2686.000000	2628.193359	4095.000000	2634.000000	
77	2395.153076	2558.770508	4050.666504	2567.153076	2686.923584	2630.770508	4027.955811	2635.846924	
78	2396.824707	2561.737061	4095.000000	2567.000000	2684.262939	2629.175293	4090.249756	2630.525879	
79	2397.000000	2559.295898	4069.212891	2569.704102	2685.802734	2628.098633	4042.916992	2634.506836	
80	2395.219482	2556.329102	4095.000000	2568.219482	2686.000000	2627.109619	4095.000000	2634.109619	
81	2395.879150	2558.637207	4049.425293	2571.516113	2691.274414	2630.516113	4059.015137	2634.879150	
82	2398.603760	2559.000000	4095.000000	2567.660645	2687.660645	2628.396240	4079.772461	2632.396240	
83	2398.143066	2557.286133	4046.867432	2569.571045	2689.571045	2631.427979	4043.721436	2634.571045	
84	2397.153564	2557.000000	4095.000000	2569.153564	2687.460938	2631.153564	4095.000000	2633.307373	
85	2397.835693	2557.000000	4075.726074	2569.000000	2686.164307	2628.493164	4027.561523	2633.000000	
86	2398.824707	2557.824707	4063.876465	2567.350586	2686.000000	2627.175293	4092.121826	2633.824707	
87	2395.745361	2557.186279	4066.254639	2567.000000	2685.186279	2627.000000	4051.417480	2632.372803	
88	2396.604980	2557.000000	4073.419922	2567.802490	2685.000000	2626.197510	4095.000000	2632.000000	
89	2396.208740	2557.000000	4052.055664	2568.000000	2686.582275	2624.417725	4065.034668	2633.582275	
90	2397.560547	2557.780273	4091.255127	2567.219727	2684.659180	2627.121094	4095.000000	2632.439453	
91	2397.230713	2557.230713	4095.000000	2569.307861	2686.307861	2626.461426	4078.842529	2633.538574	
92	2396.241699	2557.758301	4095.000000	2569.241699	2685.483643	2628.274658	4095.000000	2633.241699	
93	2396.747559	2557.252441	4064.616211	2569.747559	2687.242432	2628.252441	4064.646729	2635.242432	
94	2395.524414	2557.737793	4077.347900	2569.262207	2686.524414	2628.737793	4095.000000	2633.786621	
95	2397.187256	2557.270996	4080.896240	2569.729004	2686.000000	2631.187256	4071.607666	2634.458252	
96	2397.278564	2557.721436	4076.835693	2568.557129	2686.000000	2630.557129	4092.236816	2634.278564	
97	2396.285645	2556.571289	4076.714355	2568.714355	2686.714355	2630.714355	4044.855469	2634.714355	
98	2396.000000	2556.000000	4095.000000	2569.000000	2687.707764	2629.584229	4072.382324	2632.168457	
99	2396.701660	2558.104980	4073.970703	2568.298340	2688.701660	2631.104980	4065.231201	2633.806641	
100	2395.609619	2559.000000	4073.246094	2568.695312	2688.304688	2629.219238	4068.989502	2634.304688	
101	2396.376465	2559.688232	4039.640381	2569.000000	2687.311768	2628.688232	4056.729004	2634.688232	
102	2395.637207	2561.362793	4067.020020	2569.681396	2687.681396	2629.000000	4077.983887	2635.681396	
103	2397.024658	2561.325195	4070.104004	2569.325195	2686.650391	2629.674805	4054.208008	2635.325195	
104	2398.668457	2560.331543	4076.377197	2567.662842	2687.337158	2629.331543	4091.491455	2634.331543	
105	2397.012451	2559.337402	4046.238525	2567.000000	2688.000000	2629.662598	4071.301514	2635.987549	
106	2397.313477	2558.343262	4061.149170	2567.656738	2688.656738	2630.000000	4089.686279	2636.343262	
107	2398.651123	2558.651123	4054.255859	2567.348877	2687.046631	2630.000000	4063.814209	2636.000000	
108	2398.354248	2556.416748	4066.187988	2567.000000	2687.291748	2630.000000	4081.917236	2635.354248	
109	2398.000000	2556.921631	4059.502441	2568.921631	2688.000000	2630.000000	4081.658936	2635.640625	
110	2394.824707	2556.729980	4095.000000	2568.729980	2687.364990	2626.824707	4066.094727	2634.094727	
111	2395.517334	2557.258789	4073.436035	2567.370605	2687.000000	2628.146729	4047.378174	2633.629395	
112	2397.000000	2558.000000	4067.176514	2568.247070	2686.376465	2628.752930	4085.635254	2634.623535	
113	2395.765381	2559.234619	4065.626709	2569.617432	2688.469482	2629.234619	4092.774658	2635.617432	
114	2394.389160	2560.000000	4088.430664	2569.389160	2687.556396	2629.389160	4085.108643	2634.778320	
115	2394.604248	2560.604248	4068.707031	2570.812500	2688.416748	2629.604248	4067.249268	2635.812500	
116	2395.597656	2559.804688	4081.641602	2569.609375	2686.414062	2629.402344	4083.481201	2636.402344	
117	2396.591309	2559.591309	4082.394287	2569.182373	2687.547363	2629.591309	4060.839844	2636.000000	
118	2397.585205	2561.170410	4090.333252	2569.414795	2688.244385	2628.829590	4066.696289	2634.829590	
119	2398.579590	2558.522461	4072.485596	2569.000000	2686.420410	2629.738770	4076.930420	2635.159180	
120	2397.276611	2556.574463	4095.000000	2568.425537	2686.574463	2629.851074	4095.000000	2636.574463	
121	2396.000000	2558.138916	4070.223145	2567.430664	2686.430664	2629.000000	4083.695068	2638.138916	
122	2396.564453	2557.871094	4063.208252	2567.564453	2687.128906	2628.435547	4063.773926	2636.177490	
123	2397.559570	2557.000000	4053.030029	2569.678711	2686.880859	2628.000000	4058.367676	2635.119141	
124	2397.445068	2558.109863	4060.506592	2569.890137	2686.000000	2627.445068	4080.518799	2636.000000	
125	2396.449463	2560.101318	4067.672363	2569.000000	2688.202393	2629.202393	4076.919189	2636.000000	
126	2397.640869	2558.812012	4095.000000	2568.453125	2686.718018	2629.359131	4072.597656	2634.359131	
127	2397.368164	2558.087891	4095.000000	2568.543945	2687.263672	2630.719727	4060.259521	2634.087891	
128	2396.000000	2560.082520	4074.239258	2570.082520	2691.624023	2633.541260	4068.395996	2636.082520	
129	2397.078369	2559.921631	4063.199219	2571.000000	2690.843506	2634.539062	4070.738525	2637.539062	
130	2399.075195	2558.462402	4067.804199	2569.924805	2688.462402	2633.924805	4063.439697	2636.387207	
131	2398.926514	2559.610107	4062.090332	2570.073486	2688.536621	2631.389893	4073.926514	2634.463379	
132	2398.000000	2558.317139	4069.656738	2567.780762	2689.000000	2630.536621	4079.975098	2634.536621	
133	2396.925781	2557.074219	4062.091309	2565.537109	2688.462891	2627.777588	4073.647705	2633.925781	
134	2396.000000	2556.923828	4057.287354	2566.000000	2686.385986	2624.461914	4060.847900	2632.461914	
135	2396.539307	2556.000000	4055.267334	2565.460693	2685.539307	2625.618164	4043.357910	2632.539307	
136	2395.916504	2556.541748	4076.171143	2565.000000	2684.374756	2625.374756	4082.547363	2633.000000	
137	2395.545166	2557.545166	4095.000000	2567.725830	2684.635498	2625.090332	4077.936035	2635.180664	
138	2397.647461	2557.450928	4078.155762	2568.901611	2686.549072	2628.196777	4070.500488	2636.450928	
139	2399.000000	2558.106934	4060.057129	2569.106934	2687.553467	2631.106934	4070.327881	2636.000000	
140	2397.884277	2558.442139	4089.837402	2568.326416	2688.557861	2630.326416	4094.857910	2635.442139	
141	2397.562500	2557.437500	4086.431396	2567.562500	2686.187012	2629.562500	4095.000000	2633.874756	
142	2396.864258	2557.000000	4090.369629	2566.296387	2684.567871	2629.432129	4095.000000	2633.567871	
143	2396.573486	2557.573486	4082.878906	2565.573486	2685.573486	2629.000000	4062.905273	2634.573486	
144	2396.420410	2558.579590	4093.192871	2564.840820	2686.000000	2627.261475	4055.408691	2634.420410	
145	2395.414307	2558.414307	4089.888916	2566.928223	2687.171387	2627.171387	4066.430420	2635.171387	
146	2396.184082	2557.407959	4075.920166	2566.631836	2687.407959	2626.815918	4073.536865	2634.223877	
147	2397.000000	2558.197266	4056.654053	2568.591553	2688.197266	2626.598633	4066.048584	2633.598633	
148	2397.000000	2556.579102	4071.867432	2567.973877	2687.789551	2627.000000	4095.000000	2633.394775	
149	2397.000000	2556.834961	4065.697266	2567.834961	2687.000000	2628.834961	4086.239990	2634.223389	
150	2397.000000	2556.763672	4070.634277	2568.381836	2687.000000	2629.381836	4082.016113	2633.763672	
151	2397.624512	2556.624512	4059.639404	2568.624512	2686.375488	2629.000000	4057.522217	2634.249268	
152	2398.631104	2559.523926	4084.753418	2568.368896	2684.738037	2628.368896	4079.170654	2635.000000	
153	2398.363037	2558.451660	4095.000000	2568.000000	2685.911133	2628.000000	4095.000000	2634.363037	
154	2396.714111	2557.643066	4095.000000	2568.000000	2686.356934	2628.000000	4090.568115	2633.356934	
155	2397.297363	2557.351318	4086.216064	2569.297363	2686.648682	2629.297363	4073.756592	2634.297363	
156	2397.345703	2556.345703	4084.616943	2570.654297	2685.691406	2628.037109	4095.000000	2634.345703	
157	2395.020752	2554.680420	4061.588135	2569.680420	2686.979248	2631.618408	4079.010986	2634.000000	
158	2394.665527	2555.331055	4079.611572	2568.334473	2688.000000	2632.003662	4073.312988	2633.334473	
159	2396.341797	2556.670898	4066.823486	2568.670898	2685.987305	2629.658203	4050.823486	2633.670898	
160	2397.675537	2557.675537	4095.000000	2567.648926	2685.675537	2626.973633	4095.000000	2634.675537	
161	2399.359375	2558.000000	4055.145752	2569.718750	2688.039062	2628.039062	4075.277344	2635.679688	
162	2397.948486	2558.683838	4082.074219	2568.948486	2686.264648	2630.367676	4078.816895	2636.000000	
163	2397.000000	2558.312500	4095.000000	2568.000000	2686.375000	2631.687500	4069.064209	2636.687500	
164	2394.237793	2558.690674	4095.000000	2567.309326	2686.309326	2631.309326	4092.981201	2634.237793	
165	2395.775146	2557.612549	4070.416504	2567.000000	2684.612549	2631.000000	4092.655518	2635.081299	
166	2397.697266	2557.000000	4085.445801	2566.302734	2684.000000	2627.513184	4095.000000	2634.605225	
167	2397.298584	2558.402832	4094.582764	2566.701416	2686.805664	2627.402832	4074.511230	2634.000000	
168	2396.293945	2558.293945	4091.000000	2565.588135	2683.764404	2628.000000	4095.000000	2633.293945	
169	2395.289551	2556.578857	4056.892822	2568.552734	2686.263428	2628.710449	4047.494385	2634.421143	
170	2395.715332	2557.430664	4060.884277	2568.569336	2685.854004	2626.854004	4075.529053	2633.569336	
171	2396.720459	2557.279541	4048.549805	2568.000000	2687.161133	2626.000000	4051.573242	2633.000000	
172	2396.274658	2558.450928	4080.174316	2568.000000	2685.823730	2626.725342	4076.977783	2633.725342	
173	2394.538574	2559.000000	4058.466797	2570.922607	2687.191895	2629.191895	4048.698975	2634.730713	
174	2397.680176	2558.263916	4095.000000	2569.791748	2686.527832	2628.527832	4090.148682	2632.791748	
175	2396.034180	2558.000000	4083.269287	2568.258545	2687.482910	2627.258545	4037.596191	2634.224365	
176	2397.239746	2558.746582	4057.013916	2570.239746	2687.253418	2629.239746	4080.682617	2635.000000	
177	2397.249268	2559.750732	4057.501221	2568.748047	2686.249268	2631.501221	4060.463379	2635.000000	
178	2397.000000	2559.246338	4095.000000	2566.492676	2686.000000	2627.478271	4068.609131	2633.492676	
179	2398.511719	2559.755859	4084.811279	2566.755859	2687.511719	2628.267578	4052.567139	2633.755859	
180	2398.241943	2557.725830	4073.209473	2566.241943	2688.000000	2629.758057	4093.517822	2637.032471	
181	2394.958252	2556.239502	4055.270264	2569.802246	2688.000000	2630.760498	4072.499023	2637.239502	
182	2393.237061	2556.000000	4095.000000	2570.237061	2688.000000	2631.762939	4095.000000	2634.710938	
183	2394.531494	2556.765869	4076.352051	2569.234131	2685.702637	2629.702637	4023.298584	2634.765869	
184	2395.000000	2557.769287	4095.000000	2568.230713	2682.692139	2629.000000	4084.929688	2633.461426	
185	2395.000000	2558.000000	4095.000000	2568.000000	2685.868652	2629.000000	4053.742432	2633.000000	
186	2395.778809	2560.336182	4095.000000	2566.442627	2685.442627	2627.442627	4086.838135	2634.557373	
187	2396.784180	2560.215820	4059.734619	2569.136719	2688.136719	2629.352539	4059.439697	2635.784180	
188	2396.209961	2557.629883	4091.241943	2570.790039	2687.419922	2627.629883	4077.231201	2635.209961	
189	2396.000000	2560.184326	4050.459229	2568.611816	2687.796143	2628.592041	4052.361084	2635.796143	
190	2395.197266	2558.591553	4075.533936	2568.000000	2685.591553	2627.394531	4088.956055	2637.605469	
191	2396.621094	2557.189453	4050.148438	2568.810547	2685.000000	2629.431396	4040.022705	2636.378906	
192	2396.180908	2557.819092	4095.000000	2569.000000	2689.914062	2630.000000	4094.796631	2635.180908	
193	2398.482910	2560.482910	4063.341064	2570.655273	2690.172363	2631.655273	4025.581787	2636.655273	
194	2394.819580	2558.491699	4085.623047	2566.819580	2686.655762	2627.819580	4077.393555	2633.655762	
195	2398.219971	2559.687988	4067.679932	2567.687988	2686.843994	2628.687988	4060.615723	2633.843994	
196	2395.592773	2555.740723	4095.000000	2568.000000	2686.148193	2629.851807	4084.814209	2633.148193	
197	2394.140625	2557.578125	4069.328125	2567.140625	2686.859375	2626.562500	4069.375000	2631.281250	
198	2396.601562	2557.132812	4095.000000	2563.531250	2685.265625	2628.601562	4095.000000	2630.132812	
199	2397.000000	2557.000000	4039.365479	2567.375488	2686.750244	2627.249756	4073.245850	2632.625244	
200	2395.233643	2557.000000	4095.000000	2565.350586	2687.000000	2629.649414	4095.000000	2632.116943	
201	2395.891113	2559.673096	4038.336670	2565.891113	2689.673096	2628.218018	4075.052246	2632.000000	
202	2397.798096	2558.201904	4095.000000	2566.000000	2688.201904	2628.000000	4095.000000	2632.898926	
203	2398.000000	2558.906982	4046.459229	2567.813965	2686.186035	2629.813965	4046.366455	2633.000000	
204	2398.000000	2559.915283	4083.765137	2568.000000	2687.830566	2628.169434	4093.833496	2633.915283	
205	2398.923584	2560.000000	4062.138428	2569.847168	2689.847168	2626.152832	4021.415283	2634.923584	
206	2397.135986	2560.931885	4095.000000	2570.931885	2687.204102	2629.727783	4078.374268	2635.000000	
207	2399.819092	2561.000000	4030.424805	2568.180908	2687.939697	2630.000000	4072.663086	2633.120605	
208	2397.158936	2560.052979	4095.000000	2567.052979	2686.105957	2626.211914	4095.000000	2636.788086	
209	2397.000000	2560.000000	4045.846924	2568.907227	2687.907227	2629.814697	4072.688232	2637.000000	
210	2395.079346	2557.118896	4095.000000	2569.000000	2685.118896	2627.118896	4078.643311	2636.039551	
211	2395.966309	2560.865479	4042.916260	2570.932861	2688.865479	2629.899170	4078.033691	2636.000000	
212	2395.027588	2558.082520	4095.000000	2571.000000	2688.027588	2629.027588	4095.000000	2633.082520	
213	2395.979004	2556.041992	4051.533203	2573.937012	2688.000000	2630.958008	4048.722168	2635.937012	
214	2392.055176	2556.986328	4095.000000	2568.082764	2687.013672	2628.041504	4095.000000	2635.013672	
215	2395.972168	2557.993164	4051.512939	2570.979248	2687.993164	2630.979248	4053.554688	2633.013916	
216	2395.000000	2557.000000	4095.000000	2567.000000	2686.000000	2630.000000	4083.999023	2632.000000	
217	2393.012695	2560.962158	4084.239258	2568.981201	2686.000000	2630.993652	4035.497314	2634.000000	
218	2395.036865	2555.036865	4095.000000	2566.024658	2685.975342	2630.000000	4095.000000	2633.950684	
219	2398.000000	2557.964111	4084.466797	2567.964111	2684.018066	2629.928223	4029.831787	2630.089844	
220	2398.023926	2556.000000	4095.000000	2566.071533	2685.023926	2626.047607	4095.000000	2634.952393	
221	2398.910400	2556.000000	4019.702393	2568.940186	2685.970215	2628.029785	4077.075195	2632.940186	
222	2396.036377	2556.145020	4075.253906	2567.072510	2685.036377	2628.963623	4095.000000	2631.072510	
223	2396.914062	2559.914062	4082.042969	2569.000000	2686.128906	2627.871094	4036.235840	2632.957031	
224	2395.000000	2557.949707	4081.142090	2569.100342	2688.849365	2625.150635	4084.192139	2632.050293	
225	2395.000000	2556.942627	4047.491943	2570.713135	2685.827881	2627.942627	4052.697021	2632.942627	
226	2394.935547	2556.129150	4069.287842	2566.193604	2683.258301	2626.870850	4092.673584	2632.193604	
227	2394.213867	2557.928711	4032.709473	2568.928711	2686.928711	2625.142578	4037.558105	2634.857422	
228	2396.921875	2557.078125	4065.968994	2568.000000	2686.156250	2627.312500	4095.000000	2633.156250	
229	2395.830322	2557.915283	4046.749756	2567.915283	2687.575928	2630.830322	4068.307861	2634.745605	
230	2394.182617	2557.182617	4093.983154	2567.091309	2683.638916	2628.908691	4095.000000	2632.273926	
231	2395.902832	2559.194336	4060.315674	2567.708496	2689.805664	2628.194336	4028.036377	2634.805664	
232	2395.102539	2560.897461	4095.000000	2565.512451	2688.102539	2630.205078	4095.000000	2633.102539	
233	2396.107178	2559.785645	4067.963623	2569.892822	2688.785645	2631.571533	4055.964111	2633.785645	
234	2397.000000	2558.223389	4095.000000	2568.664795	2687.000000	2628.223389	4059.643066	2632.111816	
235	2397.000000	2559.420166	4056.726807	2566.000000	2686.884033	2630.000000	4038.569824	2633.000000	
236	2396.880127	2555.599121	4095.000000	2566.239746	2685.880127	2629.880127	4095.000000	2633.239746	
237	2396.123047	2559.630615	4078.832520	2567.753662	2685.000000	2628.876953	4049.019775	2634.753662	
238	2396.746582	2557.126709	4095.000000	2566.380371	2685.253418	2628.253418	4090.507080	2633.253418	
239	2395.261230	2557.608154	4072.261230	2568.869385	2686.608154	2629.738770	4037.878174	2635.000000	
240	2396.731445	2555.268555	4068.627686	2567.865723	2684.537354	2628.268555	4073.239258	2635.000000	
241	2395.275391	2556.862305	4045.153076	2567.137695	2687.586914	2629.586914	4052.580078	2635.000000	
242	2396.717529	2556.282471	4095.000000	2568.141113	2685.423584	2627.423584	4071.893555	2635.141113	
243	2395.000000	2558.000000	4066.322998	2568.709961	2687.565186	2629.854980	4058.654053	2636.000000	
244	2395.000000	2558.149414	4095.000000	2567.149414	2685.000000	2628.850586	4082.732178	2636.000000	
245	2394.691406	2558.845703	4095.000000	2568.000000	2684.691406	2627.537109	4040.802246	2635.691406	
246	2393.318848	2557.840576	4095.000000	2568.318848	2683.000000	2625.318848	4091.069580	2633.681152	
247	2395.000000	2557.164551	4061.227539	2569.341797	2683.164551	2626.835449	4052.392090	2632.164551	
248	2395.000000	2558.169678	4095.000000	2566.509277	2684.509277	2626.509277	4085.491943	2633.000000	
249	2395.174805	2558.825195	4088.398926	2568.650391	2687.000000	2628.825195	4054.212891	2632.825195	
250	2395.639648	2558.000000	4080.581787	2567.000000	2687.000000	2628.540771	4095.000000	2632.360352	
251	2394.371338	2557.814453	4025.953613	2566.814453	2686.443115	2630.257324	4038.236084	2634.185547	
252	2395.809082	2556.809082	4078.582031	2566.572754	2684.763672	2627.572754	4095.000000	2635.190918	
253	2395.000000	2556.391846	4095.000000	2568.412109	2687.608154	2630.000000	4072.236572	2635.608154	
254	2395.402344	2558.000000	4088.326904	2567.005859	2686.201172	2629.195312	4063.591797	2634.603516	
255	2396.793701	2558.206299	4047.905518	2570.380859	2687.000000	2626.412842	4067.699219	2635.761719	
256	2395.576172	2559.211914	4086.635742	2568.423828	2687.423828	2628.423828	4095.000000	2632.059570	
257	2394.000000	2560.000000	4091.174561	2570.000000	2688.347656	2629.130127	4068.914062	2635.130127	
258	2394.000000	2560.000000	4084.040771	2570.223389	2685.330078	2626.446533	4073.622559	2632.446533	
259	2394.229736	2559.540527	4049.916504	2570.081299	2683.689209	2627.540527	4055.011475	2633.310791	
260	2395.236816	2557.763184	4095.000000	2567.236816	2686.000000	2626.473389	4089.218018	2632.183594	
261	2396.000000	2557.243652	4069.620361	2567.512695	2685.512695	2627.512695	4065.788086	2635.025391	
262	2396.250488	2557.248291	4095.000000	2566.501221	2683.749512	2625.749512	4095.000000	2633.002197	
263	2396.485107	2555.257568	4058.764160	2567.227539	2683.000000	2625.257568	4056.002686	2634.970215	
264	2395.264404	2555.470947	4091.487305	2565.529053	2683.529053	2627.322266	4095.000000	2632.264404	
265	2395.186279	2555.084961	4057.086182	2566.186279	2684.457520	2629.644043	4065.916504	2633.271240	
266	2393.000000	2557.444824	4089.956055	2564.832520	2684.110107	2626.277588	4082.410156	2634.277588	
267	2394.134766	2556.851074	4067.347656	2567.000000	2686.432617	2626.432617	4044.262939	2635.000000	
268	2397.000000	2558.709961	4080.051025	2567.580078	2685.580078	2626.159912	4079.221680	2635.000000	
269	2396.407715	2557.407715	4054.327881	2568.111572	2686.407715	2628.407715	4047.951904	2635.000000	
270	2394.697998	2556.906006	4076.938965	2566.906006	2685.000000	2627.302002	4094.179932	2634.395996	
271	2394.615234	2558.692383	4072.302734	2568.692383	2685.307617	2627.077148	4067.457031	2633.000000	
272	2396.312988	2558.312988	4093.038818	2568.625977	2686.312988	2626.564941	4082.160889	2633.625977	
273	2396.681641	2558.681641	4076.458984	2569.363525	2686.681641	2629.045166	4060.822510	2635.318359	
274	2396.323730	2558.647461	4088.478760	2568.323730	2686.971436	2627.647461	4077.630615	2635.676270	
275	2396.010254	2558.350586	4051.453613	2568.340088	2687.350586	2629.000000	4057.412354	2634.670166	
276	2394.337158	2555.674561	4087.941406	2567.337158	2685.348877	2629.000000	4090.137695	2634.674561	
277	2395.346191	2556.307861	4091.152344	2566.961670	2686.269531	2628.653809	4082.958740	2634.615479	
278	2395.287598	2555.712402	4094.275391	2566.068359	2683.712402	2628.356201	4095.000000	2632.712402	
279	2395.100586	2557.000000	4065.637939	2567.266357	2684.633057	2628.266357	4092.507080	2633.633057	
280	2397.000000	2558.511230	4084.377930	2566.755615	2685.133545	2627.377930	4095.000000	2633.000000	
281	2396.611328	2560.222656	4095.000000	2568.388672	2687.000000	2627.611328	4076.883545	2633.000000	
282	2396.799316	2559.000000	4095.000000	2569.000000	2687.799316	2628.998535	4068.419922	2634.198975	
283	2396.767578	2558.589111	4083.789795	2569.000000	2688.178223	2631.178223	4081.353760	2636.000000	
284	2395.843750	2557.578125	4092.343262	2568.156250	2687.000000	2630.421875	4095.000000	2636.000000	
285	2397.000000	2556.567139	4080.195068	2565.701172	2686.134277	2630.134277	4066.883789	2635.134277	
286	2396.112305	2557.331543	4074.572754	2566.219238	2685.887695	2628.556152	4073.465820	2634.887695	
287	2395.454834	2558.545166	4086.738525	2567.181152	2685.635742	2627.545166	4059.456787	2635.545166	
288	2395.534668	2557.534668	4095.000000	2566.861816	2684.000000	2627.000000	4071.119873	2634.069092	
289	2395.000000	2557.000000	4063.241699	2568.524170	2684.475830	2627.000000	4090.323486	2632.524170	
290	2396.458008	2557.971924	4057.028076	2568.486084	2685.000000	2628.458008	4070.007080	2633.458008	
291	2396.512939	2559.495605	4083.757568	2569.991455	2685.495605	2629.008545	4068.192383	2635.000000	
292	2396.513672	2558.486328	4094.339111	2570.495361	2687.009277	2627.495361	4095.000000	2635.504639	
293	2397.486572	2555.973145	4079.053467	2569.486572	2685.946533	2626.486572	4095.000000	2633.946533	
294	2398.567871	2555.522705	4066.889648	2568.477295	2685.567871	2627.045166	4069.261963	2632.522705	
295	2398.402832	2556.532471	4095.000000	2567.467529	2686.467529	2628.000000	4069.917969	2632.467529	
296	2397.000000	2557.542480	4091.598145	2567.000000	2684.915039	2627.457520	4082.703857	2632.542480	
297	2395.342041	2556.342041	4080.972656	2565.342041	2682.342041	2627.552734	4067.394531	2631.894775	
298	2394.000000	2556.687988	4064.863770	2564.562744	2684.375977	2628.000000	4058.682617	2632.125244	
299	2393.426758	2556.853516	4064.091797	2565.000000	2685.853516	2627.426758	4080.398193	2633.573242	
300	2394.754150	2557.754150	4061.612549	2566.754150	2686.754150	2627.000000	4095.000000	2635.169434	
301	2397.788818	2559.596191	4074.218750	2567.403809	2686.807373	2628.788818	4095.000000	2634.807373	
302	2396.567139	2558.175293	4061.154785	2567.608154	2684.783447	2630.608154	4093.845459	2635.216553	
303	2396.860596	2558.240479	4063.568359	2566.759521	2686.480957	2631.000000	4070.177490	2635.379883	
304	2396.104248	2557.736084	4081.791504	2568.527588	2688.631836	2631.000000	4036.932617	2634.368164	
305	2395.643555	2558.286865	4087.860840	2567.426025	2688.356445	2629.713135	4074.694824	2634.000000	
306	2395.344727	2559.655273	4080.170166	2567.310547	2688.655273	2629.655273	4084.029541	2635.310547	
307	2395.000000	2559.332275	4092.363281	2568.000000	2687.664307	2626.660889	4095.000000	2633.996582	
308	2394.319092	2558.319092	4049.246338	2568.000000	2686.319092	2627.042969	4074.675293	2633.680908	
309	2395.389648	2557.305176	4081.277832	2566.610352	2686.000000	2626.610352	4095.000000	2632.610352	
310	2396.000000	2556.291016	4062.037598	2566.708984	2688.127197	2628.836182	4069.929199	2632.708984	
311	2396.000000	2556.000000	4091.771484	2567.000000	2686.104736	2627.104736	4082.533447	2633.723877	
312	2396.000000	2554.522461	4091.531250	2566.261230	2684.261230	2627.477539	4041.115967	2633.261230	
313	2396.753418	2554.753418	4095.000000	2566.753418	2685.506836	2625.739746	4061.686523	2632.246582	
314	2397.000000	2556.536133	4072.174805	2566.231934	2683.695801	2628.072510	4033.522217	2633.536133	
315	2396.217041	2557.782959	4078.623291	2566.782959	2683.000000	2625.084717	4095.000000	2630.084717	
316	2396.798096	2558.798096	4062.060547	2568.595947	2684.595947	2626.394043	4045.212158	2632.191895	
317	2396.186768	2557.373291	4080.399414	2569.813232	2687.439941	2628.626709	4075.238770	2633.000000	
318	2396.000000	2560.317627	4077.706055	2569.170654	2691.317627	2630.658691	4048.018555	2635.488281	
319	2396.000000	2559.308594	4095.000000	2569.000000	2689.462891	2630.154297	4095.000000	2636.000000	
320	2397.723877	2560.723877	4062.012451	2570.723877	2690.723877	2631.723877	4073.146484	2634.276123	
321	2398.000000	2560.121582	4093.921631	2570.121582	2688.364746	2628.486328	4086.082275	2634.000000	
322	2396.210205	2560.000000	4069.572754	2570.000000	2687.104980	2630.684814	4068.416992	2634.895020	
323	2397.822266	2558.177734	4075.110840	2569.088867	2687.911133	2626.444580	4095.000000	2634.088867	
324	2394.290283	2557.072510	4035.193359	2566.217773	2684.290283	2626.000000	4072.250000	2635.854736	
325	2395.888428	2555.111572	4085.818359	2566.944092	2684.944092	2628.832520	4095.000000	2632.223145	
326	2396.961670	2554.038330	4032.262451	2567.000000	2685.961670	2626.114990	4031.952881	2632.000000	
327	2394.062500	2558.895996	4095.000000	2565.041504	2686.979248	2625.020752	4095.000000	2631.020752	
328	2395.992676	2556.010742	4028.310303	2567.989258	2687.000000	2629.981934	4047.270752	2633.989258	
329	2395.013916	2557.027832	4095.000000	2566.000000	2685.013916	2628.000000	4094.304443	2632.972168	
330	2396.032715	2559.000000	4036.773682	2566.032715	2686.032715	2627.934814	4047.447510	2631.097900	
331	2396.947754	2559.052246	4095.000000	2567.000000	2687.000000	2626.000000	4095.000000	2634.104492	
332	2395.854980	2559.854980	4040.390381	2566.927490	2686.782715	2625.927490	4074.637207	2635.854980	
333	2394.279297	2558.000000	4095.000000	2566.279297	2684.186279	2625.186279	4095.000000	2634.000000	
334	2397.000000	2557.771240	4043.947021	2569.000000	2686.114258	2626.885742	4028.325195	2633.771240	
335	2397.135742	2556.271484	4086.469482	2568.864258	2686.864258	2626.407471	4095.000000	2632.000000	
336	2397.843262	2557.843262	4070.742676	2567.843262	2685.686279	2629.000000	4057.544678	2632.313721	
337	2396.822998	2557.530762	4095.000000	2567.354004	2684.707764	2629.000000	4095.000000	2634.000000	
338	2395.803467	2559.606934	4085.768799	2568.606934	2687.017334	2628.606934	4057.005371	2633.606934	
339	2394.784668	2558.000000	4083.953125	2567.000000	2683.861572	2627.646240	4092.522461	2632.430908	
340	2395.168701	2557.766357	4063.855713	2567.000000	2686.298828	2630.000000	4058.233643	2634.000000	
341	2397.994629	2557.251221	4095.000000	2567.502686	2684.502686	2630.000000	4057.994629	2634.251221	
342	2394.196533	2557.732178	4077.588867	2568.464355	2686.000000	2630.000000	4068.927979	2634.464355	
343	2392.849854	2557.283203	4095.000000	2566.716797	2686.283203	2630.000000	4095.000000	2633.283203	
344	2395.296875	2557.703125	4065.751709	2565.703125	2686.406006	2629.406006	4083.533691	2633.703125	
345	2396.000000	2556.382324	4067.425537	2565.926514	2685.617676	2627.691162	4090.352051	2632.691162	
346	2395.680908	2555.638428	4063.235840	2568.000000	2685.723389	2626.042480	4072.276611	2631.680908	
347	2395.657959	2557.987061	4080.259521	2568.000000	2683.657959	2624.329102	4059.536621	2631.987061	
348	2396.661621	2557.292725	4054.551270	2567.661621	2685.000000	2625.338379	4050.334473	2632.646484	
349	2396.694824	2554.084473	4073.272949	2567.694824	2685.694824	2626.347412	4084.620361	2631.737061	
350	2397.644531	2558.711182	4066.022705	2567.933350	2686.288818	2626.288818	4078.378418	2633.577637	
351	2396.636475	2560.727051	4073.641113	2566.727051	2686.090576	2626.817383	4082.279053	2632.090576	
352	2396.000000	2561.257324	4075.392822	2568.371338	2686.143555	2629.257324	4073.793457	2634.742676	
353	2396.379395	2560.000000	4095.000000	2569.379395	2684.897217	2628.000000	4095.000000	2636.000000	
354	2395.448486	2559.224365	4080.738525	2569.224365	2687.612061	2627.224365	4084.696533	2634.836426	
355	2393.396240	2558.000000	4092.114014	2568.792480	2687.000000	2626.792480	4072.265869	2633.792480	
356	2394.404297	2556.787354	4081.680420	2568.787354	2686.595703	2628.404297	4059.104980	2634.191406	
357	2394.588379	2556.235107	4083.941895	2567.823486	2686.823486	2629.411621	4072.766846	2632.588379	
358	2394.000000	2557.581543	4082.299072	2568.163086	2687.581543	2630.000000	4064.479004	2633.673828	
359	2395.273682	2557.000000	4078.044434	2567.000000	2687.000000	2628.726318	4088.921387	2636.849121	
360	2397.430664	2556.569336	4068.660400	2567.000000	2686.138428	2627.430664	4078.383545	2635.846191	
361	2396.687012	2557.312988	4074.931885	2567.875244	2686.750488	2628.437744	4082.993164	2634.312988	
362	2395.000000	2559.444824	4085.024902	2568.555176	2687.220947	2627.665527	4072.457275	2636.000000	
363	2395.451904	2559.548096	4089.295654	2568.000000	2685.451904	2627.807861	4076.729736	2635.096191	
364	2395.540527	2558.540527	4068.515137	2566.162109	2686.000000	2628.621582	4058.837891	2634.459473	
365	2395.935303	2558.000000	4068.808838	2564.935303	2686.935303	2627.467773	4054.452148	2634.532227	
366	2396.523926	2558.000000	4080.427002	2566.000000	2687.047607	2628.000000	4092.712646	2633.047607	
367	2395.031006	2556.546631	4081.914062	2567.453369	2686.484375	2628.968994	4095.000000	2632.000000	
368	2394.000000	2555.986084	4091.210205	2568.013916	2686.013916	2628.520752	4084.515137	2632.986084	
369	2396.511475	2557.502197	4075.166016	2568.004639	2686.506836	2628.004639	4093.379639	2635.004639	
370	2397.976807	2556.976807	4059.809570	2569.511475	2687.488525	2628.488525	4074.673828	2634.976807	
371	2397.520752	2557.041748	4069.167236	2568.958252	2687.000000	2629.041748	4070.020996	2635.041748	
372	2397.469971	2558.000000	4087.411865	2568.000000	2688.059814	2627.880371	4095.000000	2634.410156	
373	2397.538818	2557.461182	4095.000000	2569.616699	2689.000000	2627.077881	4093.049805	2634.616699	
374	2397.452637	2557.000000	4095.000000	2570.452637	2687.357910	2627.452637	4095.000000	2634.905273	
375	2397.000000	2557.000000	4075.043701	2570.555176	2685.444824	2627.555176	4068.497559	2634.555176	
376	2396.437988	2557.000000	4071.537598	2569.313721	2683.875732	2625.189453	4059.348389	2633.875732	
377	2396.569092	2558.138184	4076.100586	2568.569092	2686.983154	2625.845215	4071.221924	2631.861816	
378	2397.000000	2557.847900	4095.000000	2567.271729	2687.695801	2626.847900	4095.000000	2631.576172	
379	2398.166260	2557.583252	4088.681641	2567.749512	2687.166260	2626.583252	4084.264893	2633.166260	
380	2397.229004	2557.409668	4083.566406	2567.229004	2688.000000	2628.180664	4095.000000	2634.590332	
381	2398.989014	2557.597900	4074.500732	2568.391357	2688.000000	2629.597900	4058.860596	2635.597900	
382	2399.185547	2557.395264	4092.289307	2567.580811	2688.604736	2629.395264	4066.039062	2633.580811	
383	2397.388672	2558.222656	4078.097412	2567.833984	2688.388672	2629.000000	4057.372803	2633.833984	
384	2397.617676	2558.382324	4073.144287	2568.382324	2686.147217	2628.382324	4074.698975	2633.147217	
385	2396.752441	2558.623779	4060.048584	2568.623779	2686.247559	2629.247559	4078.048584	2633.871338	
386	2395.369873	2557.739502	4053.822998	2569.000000	2687.000000	2628.109375	4095.000000	2632.479248	
387	2395.637207	2557.000000	4050.717529	2569.000000	2687.637207	2628.274170	4073.482910	2632.911377	
388	2397.288574	2556.355713	4060.818848	2569.644287	2685.422852	2629.000000	4075.214600	2633.355713	
389	2396.697021	2557.954590	4047.500732	2570.000000	2684.651611	2629.651611	4065.637451	2634.302979	
390	2396.658447	2557.682861	4095.000000	2570.000000	2685.658447	2628.024414	4095.000000	2633.024414	
391	2395.667969	2557.000000	4071.395996	2568.667969	2687.998047	2627.666016	4090.362061	2633.998047	
392	2397.021729	2556.326172	4075.715820	2567.326172	2686.978271	2629.347656	4081.391113	2633.652344	
393	2396.636230	2556.681885	4050.723389	2567.681885	2686.681885	2628.636230	4085.363770	2634.363770	
394	2396.689697	2556.310303	4095.000000	2568.689697	2686.310303	2627.310303	4095.000000	2635.689697	
395	2395.604248	2557.395752	4055.834473	2569.697998	2688.093750	2627.697998	4071.146484	2636.697998	
396	2395.706299	2558.706299	4095.000000	2569.293701	2687.587158	2626.587158	4093.795410	2637.000000	
397	2398.145020	2559.715088	4071.335205	2571.145020	2687.715088	2628.145020	4076.963135	2634.854980	
398	2398.276611	2560.000000	4095.000000	2569.829590	2686.552979	2629.723389	4095.000000	2634.723389	
399	2398.731445	2560.000000	4059.504395	2569.000000	2687.463135	2632.194580	4080.088135	2635.731445	
400	2397.521240	2559.260498	4081.322021	2567.521240	2686.521240	2630.781738	4095.000000	2633.781738	
401	2397.000000	2559.000000	4095.000000	2568.494873	2686.000000	2628.505127	4085.631104	2634.494873	
402	2397.000000	2559.000000	4095.000000	2568.245361	2686.754639	2628.000000	4081.300293	2633.490723	
403	2395.477783	2559.761230	4059.421631	2568.000000	2686.238770	2628.761230	4067.255371	2633.761230	
404	2396.535645	2559.232178	4067.731689	2566.464355	2684.464355	2626.696533	4075.053223	2636.303467	
405	2397.000000	2559.000000	4064.703369	2568.324219	2684.774658	2626.774658	4062.730957	2634.675781	
406	2397.781006	2559.000000	4065.123779	2568.218994	2688.123779	2627.781006	4059.562012	2633.218994	
407	2397.213623	2559.000000	4085.662109	2571.932373	2686.640625	2628.786377	4032.473145	2632.213623	
408	2396.208252	2558.208252	4095.000000	2565.875000	2684.416748	2626.625000	4086.750977	2632.791748	
409	2396.000000	2558.796631	4040.926025	2567.186768	2687.983398	2628.390137	4068.743164	2634.593262	
410	2397.602295	2559.000000	4095.000000	2568.801025	2688.198975	2630.602295	4080.828369	2635.000000	
411	2397.195068	2558.195068	4072.825684	2569.000000	2688.804932	2629.390137	4064.267090	2635.000000	
412	2397.000000	2556.382568	4095.000000	2569.000000	2686.573975	2629.808594	4095.000000	2635.000000	
413	2396.187500	2559.250488	4041.549316	2569.000000	2688.437744	2628.374756	4058.117920	2634.187500	
414	2396.000000	2560.816650	4089.676514	2568.183350	2685.733643	2627.183350	4095.000000	2634.000000	
415	2394.358643	2558.537842	4066.606689	2568.000000	2685.000000	2627.820801	4038.241211	2634.820801	
416	2394.000000	2557.175049	4089.349854	2568.824951	2683.350098	2626.350098	4095.000000	2635.824951	
417	2397.317871	2557.829590	4030.471436	2570.658936	2687.976807	2629.317871	4043.494629	2635.170410	
418	2393.832520	2559.666992	4095.000000	2570.166504	2685.666016	2627.499512	4095.000000	2634.166504	
419	2396.349609	2558.325195	4056.522217	2570.000000	2687.512207	2630.349609	4047.449463	2633.162598	
420	2398.681885	2559.681885	4095.000000	2567.477051	2686.318115	2626.795166	4072.366699	2633.000000	
421	2397.311035	2560.000000	4081.396729	2569.533447	2687.688965	2630.222412	4048.753418	2633.844482	
422	2397.000000	2557.457031	4067.914307	2569.152344	2687.152344	2629.304688	4095.000000	2630.609375	
423	2394.447998	2557.850586	4072.104004	2568.149414	2687.850586	2628.149414	4072.512451	2634.253418	
424	2393.146729	2558.000000	4093.479004	2566.293457	2686.293457	2629.706543	4094.718750	2631.586914	
425	2394.710938	2558.000000	4075.614258	2567.710938	2689.421631	2628.289062	4072.626221	2633.566406	
426	2396.714600	2556.285400	4095.000000	2568.857178	2687.428223	2628.000000	4095.000000	2634.000000	
427	2395.280273	2558.579590	4031.451416	2564.700684	2686.140137	2627.140137	4050.107666	2633.140137	
428	2395.000000	2556.412109	4093.049316	2568.313232	2684.274658	2627.000000	4095.000000	2633.000000	
429	2395.864990	2557.729980	4058.291992	2568.135010	2684.864990	2629.594971	4048.802979	2633.864990	
430	2396.865723	2558.865723	4095.000000	2568.000000	2685.865723	2626.536865	4095.000000	2633.134277	
431	2397.000000	2559.000000	4035.071289	2566.268311	2687.731689	2630.329346	4089.595947	2634.731689	
432	2397.865479	2556.403320	4095.000000	2566.000000	2687.134521	2627.537598	4095.000000	2635.000000	
433	2397.135010	2556.864990	4091.621338	2567.729736	2685.270264	2628.729736	4035.350830	2634.135010	
434	2397.863281	2556.136719	4095.000000	2568.863281	2687.590088	2627.273193	4095.000000	2633.136719	
435	2398.000000	2556.861816	4067.318848	2568.138184	2688.861816	2628.723877	4095.000000	2635.585693	
436	2396.276123	2556.138184	4082.408936	2567.138184	2687.276123	2628.138184	4088.347900	2634.276123	
437	2396.000000	2559.449951	4073.062988	2570.449951	2689.587402	2628.000000	4065.300781	2634.862549	
438	2397.726807	2557.409668	4095.000000	2569.273193	2685.682861	2628.000000	4095.000000	2635.000000	
439	2398.864990	2557.864990	4044.584717	2568.135010	2686.729980	2629.729980	4024.524658	2635.000000	
440	2396.397217	2556.264893	4083.585938	2567.132324	2685.264893	2626.529541	4061.924072	2633.264893	
441	2396.871338	2556.000000	4027.387695	2568.742920	2687.614258	2629.485596	4034.272705	2634.742920	
442	2394.369629	2556.000000	4095.000000	2568.123291	2687.123291	2626.492676	4095.000000	2634.123291	
443	2392.230957	2553.346436	4095.000000	2561.808350	2684.346436	2623.346436	4095.000000	2629.577393	
444	2391.104736	2553.895264	4095.000000	2560.104736	2682.209473	2620.314209	4095.000000	2628.104736	
445	2394.633789	2557.633789	4095.000000	2564.542236	2685.633789	2625.450684	4095.000000	2632.542236	
446	2392.231934	2557.077393	4095.000000	2563.154541	2685.077393	2626.000000	4095.000000	2631.154541	
447	2397.627930	2555.124023	4089.030762	2566.751953	2684.062012	2624.124023	4095.000000	2631.937988	
448	2395.135498	2556.909668	4095.000000	2568.909668	2684.000000	2624.954834	4095.000000	2632.000000	
449	2395.973389	2560.893311	3999.797852	2569.973389	2686.919922	2628.893311	4030.385010	2636.866699	
450	2396.000000	2558.021729	4095.000000	2570.000000	2685.014648	2626.021729	4095.000000	2636.007324	
451	2396.000000	2558.987549	4043.511963	2569.012451	2688.962646	2629.024902	4082.324707	2634.012451	
452	2395.967529	2557.967529	4083.417236	2570.097168	2686.064697	2630.967529	4095.000000	2635.000000	
453	2395.000000	2557.000000	4068.516113	2572.842773	2688.052490	2629.947510	4058.564209	2635.000000	
454	2395.145264	2557.217773	4095.000000	2570.217773	2689.000000	2629.072510	4095.000000	2635.000000	
455	2396.812744	2560.093506	4041.799316	2572.531982	2688.812744	2630.000000	4042.616699	2635.000000	
456	2395.231689	2560.768311	4095.000000	2568.463379	2687.231689	2629.884277	4095.000000	2635.115723	
457	2397.139404	2559.279053	4095.000000	2571.302490	2688.860596	2629.279053	4091.323975	2635.581543	
458	2397.508057	2560.343994	4095.000000	2567.164062	2687.343994	2630.671875	4095.000000	2633.164062	
459	2395.188721	2557.188721	4095.000000	2567.811279	2684.188721	2629.000000	4095.000000	2633.622559	
460	2395.574951	2558.000000	4095.000000	2567.425049	2684.574951	2629.000000	4095.000000	2632.425049	
461	2394.940674	2557.764893	4095.000000	2569.000000	2683.705566	2628.529541	4095.000000	2633.529541	
462	2397.485840	2556.485840	4095.000000	2568.742920	2685.228516	2627.257080	4094.057129	2632.771484	
463	2396.000000	2555.556885	4095.000000	2567.721680	2683.278320	2627.164795	4095.000000	2633.886230	
464	2395.701172	2556.701172	4095.000000	2567.896729	2684.597656	2625.896729	4095.000000	2631.298828	
465	2395.318115	2555.681885	4095.000000	2568.727295	2685.045410	2627.681885	4095.000000	2630.727295	
466	2395.662842	2555.337158	4095.000000	2566.000000	2683.337158	2625.988770	4095.000000	2630.022217	
467	2395.000000	2554.933594	4095.000000	2565.289062	2684.000000	2624.355469	4095.000000	2632.933594	
468	2395.000000	2554.120361	4095.000000	2565.120361	2684.373535	2625.373535	4095.000000	2632.120361	
469	2394.608887	2555.608887	4095.000000	2566.608887	2684.217773	2625.217773	4095.000000	2633.608887	
470	2393.591797	2555.816650	4095.000000	2565.591797	2683.408203	2624.408203	4095.000000	2633.816650	
471	2394.701904	2556.574463	4095.000000	2566.276367	2684.000000	2625.425537	4077.127197	2633.298096	
472	2396.115234	2556.442383	4095.000000	2567.115234	2684.884766	2626.442383	4095.000000	2632.326904	
473	2395.000000	2556.081543	4095.000000	2566.459229	2684.622314	2625.163086	4095.000000	2632.163086	
474	2395.476562	2555.952881	4095.000000	2567.476562	2684.429443	2625.382324	4095.000000	2631.905762	
475	2396.493408	2556.506592	4089.713379	2566.519531	2685.012939	2627.012939	4095.000000	2634.987061	
476	2397.000000	2555.489990	4095.000000	2567.039795	2685.020020	2627.020020	4095.000000	2633.450195	
477	2395.948486	2556.051514	4095.000000	2567.422852	2686.000000	2626.948486	4094.537354	2633.102783	
478	2395.541016	2556.458984	4095.000000	2566.000000	2687.081787	2627.622803	4095.000000	2635.000000	
479	2394.888672	2556.000000	4095.000000	2566.000000	2688.000000	2630.111328	4095.000000	2635.000000	
480	2394.569824	2557.139648	4095.000000	2567.709717	2686.860352	2629.860352	4095.000000	2635.000000	
481	2395.584229	2558.584229	4095.000000	2566.663330	2684.247559	2627.831787	4095.000000	2633.247559	
482	2395.401367	2558.401367	4095.000000	2566.197510	2684.197510	2628.197510	4095.000000	2633.796143	
483	2396.226807	2559.226807	4095.000000	2568.226807	2685.613525	2626.546387	4095.000000	2635.000000	
484	2395.744141	2558.116211	4095.000000	2567.744141	2686.000000	2625.627930	4095.000000	2632.488281	
485	2396.283936	2556.357910	4095.000000	2567.000000	2685.357910	2627.283936	4095.000000	2631.642090	
486	2396.344727	2555.344727	4095.000000	2568.310303	2685.000000	2628.655273	4095.000000	2633.310303	
487	2396.000000	2555.667480	4095.000000	2566.997559	2684.332520	2625.662598	4095.000000	2633.332520	
488	2394.641602	2556.000000	4095.000000	2568.037598	2683.320801	2626.037598	4095.000000	2632.320801	
489	2394.000000	2555.309082	4095.000000	2567.617920	2684.382080	2624.236084	4095.000000	2630.617920	
490	2394.000000	2553.593262	4095.000000	2565.593262	2684.296631	2627.923340	4095.000000	2632.110107	
491	2395.430908	2555.861572	4069.351807	2567.861572	2684.000000	2627.853760	4095.000000	2631.569092	
492	2397.454102	2555.545898	4095.000000	2567.545898	2686.180908	2625.545898	4095.000000	2633.180908	
493	2395.785400	2556.476318	4095.000000	2565.523682	2687.738281	2626.476318	4095.000000	2632.523682	
494	2395.748535	2556.251465	4095.000000	2565.748535	2687.251465	2628.497070	4095.000000	2632.748535	
495	2395.242432	2557.514893	4095.000000	2565.242432	2686.242432	2627.485107	4095.000000	2631.485107	
496	2396.531494	2557.234131	4095.000000	2567.297363	2686.000000	2627.000000	4095.000000	2633.297363	
497	2394.678955	2557.773682	4095.000000	2566.452637	2686.773682	2626.226318	4095.000000	2632.452637	
498	2395.563232	2558.000000	4095.000000	2566.781494	2685.436768	2626.781494	4089.576904	2632.781494	
499	2392.841797	2558.000000	4095.000000	2566.210449	2685.000000	2626.210449	4089.842773	2633.789551	
500	2392.796875	2558.796875	4095.000000	2566.000000	2685.796875	2628.390869	4095.000000	2635.593994	
501	2395.414062	2559.000000	4091.734619	2566.000000	2685.195312	2627.390625	4092.929932	2632.781250	
502	2395.187256	2558.187256	4087.374512	2568.438232	2685.000000	2631.063721	4095.000000	2634.438232	
503	2398.283447	2558.000000	4095.000000	2567.358398	2686.641602	2627.895752	4095.000000	2637.462402	
504	2398.171143	2558.828857	4095.000000	2570.315430	2687.828857	2630.315430	4095.000000	2633.026611	
505	2398.000000	2557.324951	4095.000000	2570.162354	2686.324951	2627.649902	4095.000000	2634.512695	
506	2396.305908	2558.694092	4095.000000	2568.305908	2687.694092	2627.846924	4095.000000	2634.153076	
507	2396.856689	2558.143311	4090.312744	2567.143311	2685.429932	2627.143311	4079.149902	2633.143311	
508	2396.133545	2558.000000	4081.133545	2566.133545	2684.133545	2625.267334	4095.000000	2631.267334	
509	2396.876465	2554.494629	4078.370850	2566.000000	2684.876465	2625.000000	4065.542236	2631.876465	
510	2396.113281	2557.547119	4095.000000	2565.113281	2685.886719	2625.000000	4095.000000	2630.226562	
511	2396.897461	2556.205078	4095.000000	2566.794922	2683.307373	2625.897461	4095.000000	2630.897461	
512	2395.183594	2556.000000	4095.000000	2567.000000	2684.816406	2626.908203	4095.000000	2631.908203	
513	2395.000000	2556.000000	4095.000000	2567.918701	2683.162598	2624.243896	4095.000000	2633.837402	
514	2395.929443	2556.000000	4095.000000	2567.070557	2685.788330	2625.858887	4095.000000	2634.000000	
515	2396.939453	2556.000000	4095.000000	2567.000000	2686.000000	2626.000000	4091.269531	2633.060547	
516	2396.051270	2559.795410	4095.000000	2567.948730	2685.051270	2626.948730	4095.000000	2633.000000	
517	2396.000000	2557.125977	4095.000000	2564.167969	2685.000000	2626.041992	4095.000000	2631.083984	
518	2396.000000	2557.000000	4066.976074	2569.804688	2687.902344	2630.837402	4095.000000	2635.837402	
519	2396.976807	2557.000000	4095.000000	2568.046387	2687.023193	2628.069580	4095.000000	2636.000000	
520	2397.000000	2558.972656	4095.000000	2568.986328	2683.054688	2626.027344	4095.000000	2634.027344	
521	2396.003906	2557.007812	4095.000000	2566.011719	2683.996094	2627.992188	4095.000000	2632.007812	
522	2396.987305	2554.025391	4095.000000	2566.019043	2685.987305	2626.993652	4084.461426	2632.000000	
523	2395.016602	2558.000000	4095.000000	2568.966797	2684.016602	2626.016602	4095.000000	2632.016602	
524	2396.054443	2557.972656	4095.000000	2567.054443	2685.027344	2627.000000	4095.000000	2632.972656	
525	2397.810303	2557.075928	4095.000000	2569.000000	2686.037842	2626.962158	4095.000000	2632.075928	
526	2393.096680	2558.951660	4095.000000	2568.855225	2686.855225	2626.000000	4095.000000	2633.855225	
527	2395.000000	2557.942139	4095.000000	2566.000000	2684.057861	2626.173340	4095.000000	2631.057861	
528	2395.067383	2557.000000	4095.000000	2565.865479	2684.798096	2628.932617	4095.000000	2632.067383	
529	2396.077637	2557.232910	4095.000000	2564.232910	2682.310303	2628.000000	4095.000000	2633.155273	
530	2396.911377	2559.645508	4095.000000	2566.822754	2686.177246	2627.822754	4095.000000	2634.911377	
531	2396.099609	2556.298584	4095.000000	2565.398193	2687.801025	2626.099609	4095.000000	2634.099609	
532	2396.779297	2559.000000	4095.000000	2568.668945	2686.000000	2627.331055	4095.000000	2635.000000	
533	2395.243652	2559.121826	4095.000000	2566.609375	2686.121826	2629.634277	4095.000000	2635.121826	
534	2397.000000	2559.598389	4095.000000	2571.133789	2687.000000	2627.133789	4095.000000	2636.267822	
535	2397.145508	2557.145508	4092.035889	2571.709229	2687.290771	2628.000000	4095.000000	2637.709229	
536	2397.375000	2557.687500	4095.000000	2569.375000	2688.062500	2627.531250	4095.000000	2635.843750	
537	2394.167725	2555.832275	4095.000000	2566.838135	2684.005615	2625.502930	4095.000000	2634.497070	
538	2395.000000	2555.539062	4095.000000	2570.281006	2688.460938	2627.640625	4095.000000	2632.359375	
539	2395.191650	2557.233398	4095.000000	2567.383301	2686.383301	2626.574951	4087.599609	2634.000000	
540	2395.796631	2554.406738	4095.000000	2568.186523	2687.593262	2628.186523	4095.000000	2633.389893	
541	2395.000000	2556.214844	4095.000000	2565.429443	2686.214844	2625.214844	4095.000000	2631.859131	
542	2395.452148	2557.226074	4095.000000	2567.000000	2687.000000	2626.226074	4095.000000	2634.547852	
543	2397.236328	2558.000000	4095.000000	2567.236328	2687.000000	2627.472656	4095.000000	2633.236328	
544	2398.000000	2558.246338	4095.000000	2567.507324	2686.260986	2628.014893	4095.000000	2633.753662	
545	2397.745117	2559.254883	4095.000000	2566.509766	2684.764648	2626.274414	4095.000000	2633.509766	
546	2396.473145	2559.736572	4077.112793	2566.946289	2685.946289	2628.946289	4095.000000	2634.473145	
547	2395.542236	2558.728760	4095.000000	2565.355713	2683.271240	2626.271240	4095.000000	2632.728760	
548	2396.721924	2557.443604	4095.000000	2568.443604	2683.721924	2627.000000	4095.000000	2632.556396	
549	2396.569336	2556.569336	4095.000000	2567.569336	2684.138428	2627.284668	4095.000000	2634.569336	
550	2397.417480	2558.582520	4095.000000	2569.000000	2685.252441	2628.000000	4095.000000	2635.126221	
551	2395.404785	2559.702393	4095.000000	2568.702393	2681.595215	2627.702393	4095.000000	2633.000000	
552	2395.214111	2558.393066	4095.000000	2567.696533	2683.606934	2627.303467	4095.000000	2632.696533	
553	2397.381592	2557.000000	4095.000000	2567.309326	2685.000000	2628.309326	4095.000000	2632.618408	
554	2396.629883	2557.314941	4095.000000	2568.000000	2685.000000	2628.685059	4093.259766	2634.314941	
555	2397.680420	2557.041016	4095.000000	2567.360840	2686.278564	2628.319580	4095.000000	2634.680420	
556	2397.323486	2555.323486	4080.146729	2565.353027	2687.706055	2629.323486	4095.000000	2633.676514	
557	2397.346924	2556.326416	4095.000000	2565.305908	2685.653076	2630.000000	4095.000000	2633.653076	
558	2396.000000	2557.988281	4095.000000	2568.000000	2687.000000	2629.341064	4095.000000	2635.329346	
559	2396.000000	2560.000000	4095.000000	2568.000000	2687.333252	2628.333252	4095.000000	2636.000000	
560	2396.338135	2558.985352	4095.000000	2568.000000	2686.647217	2628.661865	4095.000000	2634.985352	
561	2396.655518	2557.000000	4095.000000	2568.344482	2685.721924	2628.000000	4095.000000	2633.688721	
562	2396.351318	2557.702881	4095.000000	2567.945801	2687.594238	2627.648682	4095.000000	2634.297119	
563	2397.358887	2558.641113	4090.717529	2567.435303	2686.076416	2627.717529	4095.000000	2634.076416	
564	2396.900879	2558.732666	4095.000000	2569.633545	2686.900879	2627.534668	4095.000000	2634.900879	
565	2395.374023	2559.251953	4095.000000	2568.251953	2685.000000	2625.748047	4095.000000	2633.374023	
566	2396.763184	2557.236816	4095.000000	2567.000000	2685.000000	2627.000000	4095.000000	2634.381592	
567	2398.000000	2556.000000	4095.000000	2567.000000	2684.221680	2627.389160	4094.064209	2634.610840	
568	2397.206543	2555.603271	4095.000000	2566.206543	2683.793457	2628.000000	4095.000000	2632.809570	
569	2397.213135	2555.000000	4075.557129	2566.617432	2685.404297	2628.404297	4095.000000	2631.404297	
570	2397.764404	2555.000000	4090.822266	2568.588135	2685.588135	2628.588135	4095.000000	2631.176270	
571	2395.580811	2555.419189	4085.773682	2567.580811	2685.000000	2627.580811	4095.000000	2631.257812	
572	2394.573242	2556.000000	4095.000000	2566.146484	2684.573242	2627.000000	4080.625244	2631.719971	
573	2394.869141	2556.869141	4095.000000	2565.869141	2685.738281	2628.303711	4082.250977	2632.172852	
574	2396.442627	2558.442627	4095.000000	2567.000000	2687.557373	2629.114746	4095.000000	2633.672119	
575	2396.549561	2560.351318	4095.000000	2567.900879	2686.099121	2628.450439	4095.000000	2632.900879	
576	2395.541992	2559.709473	4095.000000	2568.541992	2685.458008	2629.000000	4095.000000	2633.541992	
577	2396.396973	2557.465576	4095.000000	2568.000000	2684.603027	2628.534424	4095.000000	2633.000000	
578	2397.526611	2558.000000	4090.787354	2567.526611	2684.893799	2627.526611	4095.000000	2633.000000	
579	2396.518555	2557.037109	4095.000000	2567.481445	2687.000000	2628.444336	4092.260010	2633.481445	
580	2396.489258	2556.000000	4083.340088	2568.000000	2686.510742	2628.531982	4095.000000	2634.489258	
581	2397.000000	2556.000000	4088.876465	2567.502686	2686.994385	2627.000000	4095.000000	2634.502686	
582	2396.495117	2556.504883	4095.000000	2569.019775	2686.485107	2625.485107	4095.000000	2634.000000	
583	2395.487305	2557.512695	4095.000000	2571.512695	2686.025391	2625.538330	4090.000000	2635.025391	
584	2395.520996	2557.479004	4095.000000	2569.394775	2686.479004	2627.520996	4095.000000	2634.437012	
585	2397.060303	2557.000000	4095.000000	2568.590576	2686.000000	2628.000000	4095.000000	2633.000000	
586	2395.839600	2557.540039	4095.000000	2568.379639	2686.540039	2628.540039	4089.299316	2634.080322	
587	2394.000000	2557.449951	4095.000000	2567.550049	2688.100098	2628.449951	4095.000000	2634.449951	
588	2394.559814	2555.880371	4095.000000	2567.440186	2686.201172	2627.440186	4095.000000	2634.559814	
589	2394.430420	2555.569580	4095.000000	2569.847656	2686.847656	2628.139160	4095.000000	2635.000000	
590	2395.157959	2556.578857	4095.000000	2567.947510	2686.105469	2626.684326	4095.000000	2634.421143	
591	2394.824463	2557.000000	4095.000000	2566.175537	2685.175537	2626.175537	4095.000000	2633.412109	
592	2395.193359	2557.000000	4095.000000	2568.790039	2684.209961	2625.209961	4095.000000	2631.806641	
593	2396.000000	2558.212402	4095.000000	2567.575439	2683.606201	2625.212402	4095.000000	2630.393799	
594	2396.000000	2557.766602	4095.000000	2566.616699	2684.616699	2624.150146	4095.000000	2631.849854	
595	2395.372314	2556.372314	4095.000000	2567.000000	2685.000000	2626.766357	4095.000000	2634.255371	
596	2395.639160	2556.000000	4078.383545	2567.000000	2686.278076	2627.721924	4095.000000	2632.443604	
597	2396.000000	2556.000000	4095.000000	2566.350098	2687.000000	2630.249268	4095.000000	2632.299805	
598	2396.659912	2555.340088	4095.000000	2566.659912	2687.659912	2629.359863	4095.000000	2633.659912	
599	2395.660400	2555.669922	4095.000000	2569.009521	2688.669922	2628.000000	4095.000000	2634.000000	
600	2396.359375	2555.320312	4095.000000	2567.960938	2686.960938	2628.679688	4095.000000	2634.000000	
601	2396.310303	2555.000000	4095.000000	2567.000000	2685.310303	2627.620605	4095.000000	2635.379395	
602	2395.300537	2556.399170	4095.000000	2566.300537	2684.300537	2627.000000	4083.793457	2634.600830	
603	2395.708740	2557.708740	4095.000000	2567.417725	2684.708740	2627.000000	4095.000000	2634.708740	
604	2396.000000	2558.717773	4095.000000	2568.000000	2685.717773	2627.000000	4095.000000	2635.000000	
605	2395.274170	2556.822754	4095.000000	2567.274170	2684.548584	2627.725830	4083.484863	2632.096924	
606	2395.733643	2556.000000	4095.000000	2567.733643	2685.467285	2626.532715	4086.069336	2633.200684	
607	2396.741455	2556.000000	4091.361816	2568.000000	2686.000000	2626.741455	4095.000000	2633.258545	
608	2393.252686	2557.499023	4095.000000	2568.000000	2686.000000	2627.000000	4095.000000	2633.000000	
609	2393.515625	2558.000000	4095.000000	2569.515625	2686.757812	2630.789062	4095.000000	2636.031250	
610	2394.765869	2558.000000	4095.000000	2570.000000	2686.234131	2629.702148	4084.490479	2635.468262	
611	2398.870850	2560.322510	4095.000000	2570.774170	2689.096680	2629.000000	4090.934814	2635.774170	
612	2398.434082	2561.782959	4095.000000	2570.217041	2687.651123	2632.131592	4095.000000	2636.000000	
613	2398.000000	2558.038330	4095.000000	2568.415283	2686.207764	2631.415283	4095.000000	2635.207764	
614	2396.395996	2554.593750	4095.000000	2568.000000	2684.395996	2630.197998	4095.000000	2634.197998	
615	2396.000000	2554.812256	4095.000000	2566.375732	2686.436523	2627.563477	4095.000000	2634.812256	
616	2396.000000	2554.177002	4095.000000	2564.354004	2682.885010	2627.000000	4095.000000	2634.177002	
617	2396.834229	2555.668457	4095.000000	2565.668457	2685.336670	2628.668457	4095.000000	2632.331543	
618	2397.000000	2556.845703	4095.000000	2568.536865	2687.691162	2628.154297	4090.853027	2631.154297	
619	2393.573242	2557.000000	4095.000000	2571.570068	2688.000000	2626.286621	4095.000000	2632.713379	
620	2395.602051	2557.867432	4095.000000	2569.397949	2687.132568	2626.000000	4095.000000	2632.132568	
621	2397.755371	2558.000000	4095.000000	2569.877686	2686.122314	2630.388672	4095.000000	2633.755371	
622	2396.224365	2558.000000	4095.000000	2570.000000	2686.000000	2631.000000	4088.346436	2635.775635	
623	2396.000000	2554.410645	4086.414551	2569.102783	2685.102783	2630.102783	4094.178711	2635.102783	
624	2395.093262	2556.720459	4095.000000	2568.093262	2684.093262	2628.186279	4095.000000	2634.093262	
625	2395.916260	2555.167725	4095.000000	2568.916260	2684.916260	2628.000000	4095.000000	2634.000000	
626	2396.000000	2558.705566	4095.000000	2567.147217	2685.926270	2626.147217	4095.000000	2633.073730	
627	2396.000000	2559.000000	4095.000000	2566.063232	2688.810547	2627.873779	4066.030762	2634.873779	
628	2395.052490	2559.947510	4083.258545	2567.895020	2685.209717	2628.947510	4095.000000	2634.052490	
629	2395.958008	2561.916016	4095.000000	2568.000000	2687.874023	2628.041992	4095.000000	2635.916016	
630	2396.968506	2558.126221	4083.483643	2568.968506	2686.063232	2628.000000	4095.000000	2635.031494	
631	2399.936523	2558.978760	4095.000000	2569.978760	2688.936523	2630.936523	4095.000000	2635.978760	
632	2396.044189	2556.032959	4095.000000	2568.021973	2684.055176	2629.021973	4095.000000	2634.021973	
633	2396.999268	2556.999268	4095.000000	2571.997314	2684.999268	2629.999268	4084.029785	2634.000000	
634	2397.019043	2556.038086	4095.000000	2569.028564	2686.990479	2631.009521	4090.085693	2634.990479	
635	2398.980225	2559.940430	4095.000000	2571.880859	2685.980225	2631.940430	4095.000000	2634.000000	
636	2397.969727	2557.000000	4095.000000	2566.060303	2685.000000	2629.030273	4095.000000	2633.939697	
637	2397.040283	2557.040283	4095.000000	2567.959717	2685.000000	2629.878906	4095.000000	2632.080811	
638	2397.949707	2557.949707	4095.000000	2567.100586	2685.050293	2627.150879	4095.000000	2634.000000	
639	2396.940186	2556.880127	4082.096436	2569.000000	2686.119873	2629.760498	4095.000000	2633.880127	
640	2396.069580	2555.139404	4095.000000	2568.860596	2687.930420	2626.139404	4086.258057	2632.139404	
641	2396.761719	2557.079346	4095.000000	2567.317627	2686.761719	2628.238281	4067.527100	2634.000000	
642	2394.267578	2557.821533	4095.000000	2570.910889	2684.178467	2630.910889	4095.000000	2634.445801	
643	2397.197266	2556.197266	4095.000000	2570.000000	2686.000000	2629.802734	4095.000000	2638.802734	
644	2398.783203	2558.000000	4095.000000	2569.674805	2685.891602	2628.433350	4095.000000	2636.891602	
645	2396.762939	2558.118408	4083.926270	2567.118408	2685.000000	2631.525879	4095.000000	2635.407471	
646	2395.385742	2558.871338	4095.000000	2568.128662	2685.000000	2628.257080	4095.000000	2631.128662	
647	2397.861572	2558.138428	4095.000000	2568.861572	2685.000000	2629.723145	4095.000000	2632.415283	
648	2397.296387	2558.703613	4095.000000	2568.296387	2685.444824	2628.148193	4095.000000	2634.703613	
649	2399.000000	2557.474365	4084.474365	2569.841797	2687.367676	2629.000000	4095.000000	2633.316162	
650	2398.664307	2559.664307	4094.050781	2568.664307	2684.671387	2629.000000	4095.000000	2634.832031	
651	2397.710938	2557.822266	4095.000000	2567.355469	2687.644531	2628.466797	4095.000000	2633.822266	
652	2400.059570	2557.564209	4095.000000	2569.187988	2686.000000	2626.564209	4075.187988	2633.187988	
653	2396.000000	2559.603271	4095.000000	2569.801514	2686.000000	2629.000000	4084.531006	2634.000000	
654	2395.582764	2558.000000	4095.000000	2570.042969	2686.208496	2629.208496	4095.000000	2634.625732	
655	2394.218506	2557.562988	4095.000000	2573.125732	2686.781494	2629.781494	4093.370850	2636.562988	
656	2395.457031	2556.685547	4066.142578	2570.457031	2686.457031	2629.457031	4095.000000	2635.457031	
657	2397.238281	2559.000000	4077.148438	2571.761719	2687.285156	2631.000000	4095.000000	2636.523438	
658	2398.247314	2558.010986	4095.000000	2570.258301	2685.247314	2630.752686	4095.000000	2635.247314	
659	2398.488770	2556.022461	4095.000000	2568.000000	2685.744385	2630.000000	4095.000000	2636.000000	
660	2397.262939	2559.789062	4095.000000	2568.526123	2685.526123	2629.210938	4095.000000	2635.210938	
661	2397.730713	2561.730713	4095.000000	2569.730713	2687.000000	2627.000000	4095.000000	2633.538574	
662	2397.274658	2560.450684	4095.000000	2569.274658	2687.274658	2627.000000	4095.000000	2635.000000	
663	2397.439697	2559.280273	4095.000000	2569.719727	2688.280273	2627.560303	4095.000000	2634.439697	
664	2396.000000	2559.427490	4095.000000	2568.141357	2688.427490	2629.000000	4085.007080	2632.713867	
665	2396.000000	2558.000000	4095.000000	2566.877441	2686.415039	2628.122559	4095.000000	2632.000000	
666	2396.597168	2558.298584	4095.000000	2569.000000	2685.895508	2626.298584	4095.000000	2633.194092	
667	2397.695312	2558.695312	4095.000000	2567.781006	2687.390381	2627.609619	4095.000000	2635.390381	
668	2397.311035	2558.311035	4095.000000	2565.622070	2686.311035	2628.688965	4095.000000	2634.311035	
669	2398.000000	2557.729980	4095.000000	2567.000000	2686.364990	2628.317627	4095.000000	2634.364990	
670	2398.000000	2555.970947	4095.000000	2567.000000	2685.000000	2628.352783	4095.000000	2633.000000	
671	2397.670654	2557.341064	4095.000000	2567.329346	2684.670654	2626.670654	4095.000000	2632.670654	
672	2397.000000	2557.005615	4095.000000	2569.340576	2684.335205	2626.670410	4095.000000	2632.000000	
673	2397.000000	2559.680908	4095.000000	2570.978760	2685.340332	2628.000000	4095.000000	2632.680908	
674	2397.690430	2559.618896	4095.000000	2569.345215	2686.000000	2628.690430	4095.000000	2634.345215	
675	2397.948730	2557.700928	4080.564453	2568.598145	2685.649658	2629.299072	4095.000000	2635.000000	
676	2396.355957	2558.287842	4093.455566	2566.000000	2685.000000	2628.355957	4095.000000	2633.931885	
677	2396.638428	2556.638428	4095.000000	2566.000000	2685.361572	2628.277100	4095.000000	2633.084473	
678	2395.634033	2556.732178	4095.000000	2566.732178	2686.365967	2627.732178	4095.000000	2635.000000	
679	2394.629639	2557.629639	4095.000000	2566.889160	2687.000000	2629.000000	4095.000000	2634.259521	
680	2394.749512	2557.374756	4095.000000	2565.374756	2685.126465	2629.000000	4095.000000	2633.374756	
681	2396.379150	2558.000000	4088.686768	2566.000000	2683.137451	2629.000000	4095.000000	2633.620850	
682	2397.000000	2557.233643	4094.934326	2566.766357	2684.616699	2630.149658	4095.000000	2633.766357	
683	2397.774170	2557.161133	4095.000000	2568.386963	2684.000000	2630.838867	4095.000000	2635.000000	
684	2399.000000	2559.390625	4095.000000	2568.609375	2684.000000	2630.172119	4095.000000	2635.390625	
685	2398.606201	2559.212402	4095.000000	2568.787598	2685.575195	2632.000000	4095.000000	2634.818604	
686	2397.603760	2558.396240	4095.000000	2570.792725	2687.603760	2632.792725	4087.811035	2633.396240	
687	2397.797852	2558.601074	4095.000000	2570.803223	2686.601074	2631.606689	4084.005615	2635.595703	
688	2397.395020	2558.802490	4095.000000	2568.197510	2686.000000	2628.802490	4083.808838	2637.197510	
689	2395.807373	2558.789062	4095.000000	2567.403564	2686.000000	2630.000000	4087.596436	2635.192627	
690	2396.594238	2557.405762	4095.000000	2568.405762	2686.405762	2628.376709	4092.275391	2634.405762	
691	2396.407715	2558.407715	4095.000000	2568.592285	2687.407715	2626.815186	4095.000000	2633.369629	
692	2397.000000	2559.409668	4095.000000	2568.819092	2687.590332	2628.409668	4095.000000	2632.638184	
693	2397.822266	2557.944336	4090.365967	2569.588867	2686.177734	2627.766602	4095.000000	2632.944336	
694	2396.940674	2556.647461	4088.296875	2568.588135	2685.823730	2627.235596	4095.000000	2630.823730	
695	2395.237549	2557.350098	4095.000000	2566.762451	2685.762451	2627.350098	4089.212158	2631.175049	
696	2397.000000	2555.827148	4095.000000	2566.240723	2684.413574	2627.067871	4095.000000	2631.654297	
697	2396.168945	2556.168945	4095.000000	2567.584473	2685.000000	2629.168945	4095.000000	2633.168945	
698	2395.418213	2555.836426	4095.000000	2567.000000	2684.581787	2627.581787	4095.000000	2633.254639	
699	2396.000000	2557.842285	4095.000000	2565.315186	2684.421143	2627.842285	4095.000000	2634.578857	
700	2396.000000	2558.151855	4095.000000	2564.696289	2685.000000	2628.575928	4095.000000	2634.000000	
701	2395.572998	2557.000000	4083.375000	2566.572998	2685.000000	2628.000000	4095.000000	2634.000000	
702	2396.289307	2558.289307	4080.937500	2565.570312	2684.570312	2628.429688	4095.000000	2634.000000	
703	2395.835449	2559.134033	4095.000000	2565.865967	2684.000000	2627.268311	4095.000000	2632.701172	
704	2394.746094	2558.436523	4095.000000	2567.436523	2685.746094	2625.873047	4095.000000	2632.746094	
705	2396.560059	2558.120117	4095.000000	2568.439941	2687.560059	2627.000000	4093.080322	2632.800049	
706	2396.442871	2557.442871	4095.000000	2569.442871	2686.114258	2626.557129	4094.956543	2631.771240	
707	2397.000000	2556.665039	4095.000000	2567.774902	2684.554932	2626.889893	4095.000000	2632.665039	
708	2396.553223	2555.000000	4095.000000	2566.787109	2684.893555	2628.893555	4095.000000	2631.000000	
709	2396.000000	2556.345215	4095.000000	2568.551514	2686.000000	2629.103271	4095.000000	2632.345215	
710	2395.099854	2557.550049	4095.000000	2568.000000	2686.000000	2628.900146	4095.000000	2633.550049	
711	2394.903809	2558.355713	4095.000000	2567.096191	2686.451904	2628.192383	4095.000000	2634.355713	
712	2396.907471	2560.000000	4095.000000	2566.453857	2686.092529	2626.907471	4095.000000	2636.000000	
713	2397.089600	2560.000000	4095.000000	2566.544678	2683.634277	2627.089600	4095.000000	2635.089600	
714	2396.000000	2558.631836	4095.000000	2567.824219	2682.912109	2627.824219	4095.000000	2633.087891	
715	2396.456299	2556.543701	4095.000000	2569.543701	2682.174561	2628.174561	4095.000000	2631.543701	
716	2396.543457	2556.000000	4095.000000	2568.086670	2682.282959	2627.369873	4095.000000	2631.913330	
717	2395.543213	2556.456787	4095.000000	2566.543213	2685.913574	2629.000000	4095.000000	2633.000000	
718	2395.913086	2557.000000	4094.977783	2567.369629	2686.086914	2629.000000	4095.000000	2633.000000	
719	2396.543457	2557.912842	4095.000000	2567.630615	2684.543457	2627.630615	4095.000000	2633.456543	
720	2395.087402	2559.000000	4093.222412	2566.912598	2685.369141	2625.543701	4095.000000	2634.000000	
721	2394.912354	2558.087646	4075.719238	2566.631592	2686.543945	2625.000000	4095.000000	2634.000000	
722	2396.456299	2557.000000	4091.254150	2565.912598	2686.456299	2625.456299	4095.000000	2634.000000	
723	2396.543457	2558.826172	4095.000000	2567.000000	2685.173828	2627.369629	4095.000000	2633.543457	
724	2396.456543	2559.630127	4095.000000	2567.456543	2683.456543	2628.086670	4095.000000	2632.086670	
725	2396.543945	2557.087891	4095.000000	2568.000000	2684.000000	2627.000000	4095.000000	2631.000000	
726	2395.091309	2557.363037	4095.000000	2567.545654	2683.545654	2627.908691	4095.000000	2632.363037	
727	2395.355713	2559.000000	4095.000000	2566.548096	2683.451904	2629.000000	4092.133789	2634.451904	
728	2396.550781	2559.000000	4095.000000	2566.449219	2685.796631	2629.449219	4095.000000	2635.449219	
729	2396.000000	2558.553467	4095.000000	2566.553467	2687.106934	2629.106934	4095.000000	2635.553467	
730	2395.112793	2558.443604	4085.098389	2566.887207	2686.887207	2628.000000	4093.338135	2634.556396	
731	2395.322266	2558.559326	4095.000000	2567.559326	2687.118652	2626.237061	4095.000000	2633.559326	
732	2397.000000	2559.314453	4095.000000	2567.000000	2686.000000	2625.314453	4095.000000	2633.876221	
733	2396.565186	2559.695312	4088.790771	2567.000000	2686.000000	2627.000000	4095.000000	2633.695312	
734	2396.430664	2558.000000	4095.000000	2567.430664	2686.000000	2628.291992	4095.000000	2632.000000	
735	2395.723389	2558.851074	4095.000000	2566.723389	2685.574463	2629.574463	4095.000000	2632.851074	
736	2394.000000	2559.160400	4095.000000	2565.839600	2685.000000	2629.419922	4095.000000	2634.419922	
737	2395.240967	2557.586426	4095.000000	2566.172607	2685.413574	2628.759033	4095.000000	2635.000000	
738	2397.000000	2557.000000	4095.000000	2566.220703	2686.000000	2628.627686	4095.000000	2635.000000	
739	2397.799316	2556.600342	4093.993652	2567.200684	2684.801025	2630.600342	4095.000000	2633.801025	
740	2398.607910	2556.392090	4095.000000	2567.176514	2685.352783	2629.607910	4095.000000	2632.784180	
741	2398.383789	2556.616211	4095.000000	2567.848389	2688.616211	2629.000000	4095.000000	2633.232178	
742	2397.875732	2556.374756	4095.000000	2566.374756	2686.875732	2629.000000	4095.000000	2632.749512	
743	2395.271484	2557.000000	4095.000000	2567.364258	2685.000000	2629.000000	4095.000000	2633.271484	
744	2394.705566	2558.058350	4095.000000	2568.705566	2685.352783	2629.000000	4095.000000	2632.352783	
745	2396.000000	2558.979248	4095.000000	2569.319580	2686.340332	2629.000000	4095.000000	2633.680420	
746	2395.345459	2557.981934	4095.000000	2569.309082	2687.327393	2628.672607	4095.000000	2635.000000	
747	2395.254883	2559.686279	4095.000000	2570.117920	2687.686279	2628.000000	4095.000000	2635.627441	
748	2397.700439	2558.101318	4095.000000	2566.299561	2687.299561	2628.898682	4095.000000	2636.400879	
749	2397.000000	2556.284424	4095.000000	2566.715576	2686.862061	2629.862061	4095.000000	2635.000000	
750	2396.730957	2557.000000	4095.000000	2566.806885	2685.075928	2626.730957	4092.924072	2635.000000	
751	2396.505127	2557.505127	4095.000000	2568.747314	2687.494873	2626.505127	4095.000000	2634.494873	
752	2398.000000	2558.528320	4095.000000	2568.943115	2685.764160	2628.235840	4095.000000	2633.471680	
753	2397.563965	2557.000000	4095.000000	2571.345703	2685.654297	2629.218018	4095.000000	2634.781982	
754	2395.799805	2557.200195	4095.000000	2569.000000	2687.799805	2630.200195	4060.010498	2634.000000	
755	2394.817871	2558.182129	4095.000000	2568.271729	2686.271729	2630.271729	4095.000000	2633.817871	
756	2394.493164	2558.671143	4095.000000	2565.493164	2683.164307	2627.328857	4095.000000	2633.164307	
757	2396.853027	2557.000000	4095.000000	2568.146973	2684.000000	2628.853027	4095.000000	2634.000000	
758	2396.259766	2557.519531	4095.000000	2569.259766	2684.389648	2627.870117	4095.000000	2633.870117	
759	2398.113037	2561.113037	4095.000000	2570.886963	2686.548096	2627.113037	4095.000000	2633.000000	
760	2398.708984	2561.806152	4095.000000	2569.806152	2683.678711	2628.000000	4091.872803	2633.096924	
761	2396.000000	2559.511475	4095.000000	2567.918701	2689.593018	2628.000000	4095.000000	2634.081299	
762	2396.065674	2554.328613	4095.000000	2566.934326	2685.131592	2628.065674	4095.000000	2635.000000	
763	2396.950439	2559.000000	4095.000000	2566.148438	2687.000000	2628.950439	4086.335693	2634.901123	
764	2395.966553	2559.033447	4095.000000	2568.966553	2687.000000	2628.033447	4095.000000	2633.000000	
765	2395.000000	2559.965088	4095.000000	2567.947754	2687.034912	2628.947754	4074.749268	2632.965088	
766	2395.000000	2558.003418	4095.000000	2565.003418	2688.996582	2626.006836	4095.000000	2631.005127	
767	2395.000000	2559.971191	4095.000000	2566.971191	2687.028809	2629.942383	4095.000000	2633.956787	
768	2394.030518	2557.091553	4095.000000	2565.061035	2683.121826	2627.091553	4095.000000	2632.061035	
769	2393.045654	2556.045654	4095.000000	2567.863281	2687.771973	2628.908691	4092.140381	2634.863281	
770	2395.820312	2558.820312	4093.412354	2566.119629	2687.059814	2628.059814	4095.000000	2634.059814	
771	2396.926758	2559.000000	4095.000000	2570.633789	2688.853516	2629.853516	4094.149658	2635.853516	
772	2398.827881	2559.000000	4095.000000	2567.344238	2688.086182	2629.086182	4095.000000	2634.172119	
773	2395.394531	2558.098633	4095.000000	2566.098633	2686.197266	2630.802734	4095.000000	2634.901367	
774	2397.666016	2557.111328	4095.000000	2567.777344	2686.888672	2625.667969	4095.000000	2633.222656	
775	2398.000000	2557.875244	4095.000000	2569.750244	2685.249756	2626.750244	4095.000000	2633.875244	
776	2398.000000	2558.000000	4095.000000	2566.552734	2686.723633	2625.276367	4095.000000	2630.552734	
777	2397.150879	2557.150879	4095.000000	2568.547607	2687.000000	2628.396729	4095.000000	2632.547607	
778	2397.000000	2557.836914	4095.000000	2568.163086	2686.163086	2627.326416	4095.000000	2629.652588	
779	2396.175781	2558.000000	4093.614502	2568.000000	2686.824219	2627.824219	4095.000000	2633.945068	
780	2395.188721	2558.811279	4095.000000	2566.377197	2682.943359	2628.811279	4095.000000	2631.754639	
781	2395.798340	2559.000000	4095.000000	2569.991455	2685.991455	2629.000000	4095.000000	2634.193115	
782	2397.570068	2556.645020	4095.000000	2567.859863	2687.784912	2625.074951	4095.000000	2634.215088	
783	2395.686768	2556.770996	4093.602295	2568.542236	2687.229004	2626.313232	4095.000000	2635.542236	
784	2396.514404	2556.242676	4090.485596	2568.242676	2687.000000	2628.514404	4094.593262	2634.485596	
785	2397.000000	2556.743652	4095.000000	2567.256348	2685.512451	2628.256348	4095.000000	2634.000000	
786	2397.000000	2556.270020	4095.000000	2567.000000	2685.000000	2630.190186	4093.796875	2634.729980	
787	2397.000000	2556.000000	4095.000000	2569.148682	2685.716309	2630.283691	4095.000000	2636.432373	
788	2397.702637	2558.107910	4095.000000	2569.297363	2686.702637	2628.594727	4095.000000	2633.487061	
789	2395.930664	2559.689697	4095.000000	2569.000000	2685.620361	2628.689697	4095.000000	2632.689697	
790	2396.354736	2558.645264	4095.000000	2569.677490	2685.677490	2627.645264	4095.000000	2633.677490	
791	2396.334961	2558.000000	4080.758545	2569.334961	2687.330322	2627.665039	4095.000000	2634.000000	
792	2396.000000	2559.959717	4087.129883	2569.000000	2686.040283	2628.653320	4095.000000	2634.653320	
793	2394.716797	2559.716797	4095.000000	2569.641602	2685.641602	2629.000000	4095.000000	2635.641602	
794	2395.260254	2559.630127	4095.000000	2570.000000	2686.000000	2629.000000	4095.000000	2636.000000	
795	2396.000000	2558.764404	4095.000000	2569.382080	2685.382080	2630.235596	4095.000000	2635.382080	
796	2397.209473	2559.209473	4095.000000	2568.395264	2686.209473	2629.790527	4095.000000	2634.395264	
797	2396.225586	2557.634277	4095.000000	2568.591553	2685.225586	2626.634277	4095.000000	2635.182861	
798	2395.577881	2557.155518	4095.000000	2566.111084	2684.577881	2625.577881	4095.000000	2634.266602	
799	2396.563965	2558.000000	4095.000000	2564.000000	2687.255371	2626.000000	4095.000000	2634.127686	
800	2397.550049	2557.449951	4095.000000	2562.899902	2684.599365	2624.349854	4095.000000	2634.449951	
801	2396.389648	2556.463135	4095.000000	2563.073486	2684.757568	2624.610352	4095.000000	2634.000000	
802	2396.047363	2557.047363	4095.000000	2566.094971	2686.952637	2627.571045	4095.000000	2632.952637	
803	2398.020996	2557.489502	4092.518555	2568.000000	2685.489502	2630.020996	4095.000000	2633.020996	
804	2398.502441	2557.995117	4081.442871	2568.497559	2685.000000	2628.512451	4095.000000	2633.004883	
805	2398.000000	2559.970703	4078.923096	2570.456299	2685.485352	2627.456299	4095.000000	2632.970703	
806	2397.525879	2560.525879	4082.490479	2569.629395	2685.051758	2628.051758	4095.000000	2634.474121	
807	2397.000000	2560.463135	4095.000000	2568.389648	2686.779053	2628.852783	4085.472656	2634.536865	
808	2396.547852	2560.095947	4095.000000	2570.000000	2688.643799	2629.643799	4089.315186	2633.547852	
809	2397.763184	2559.881592	4095.000000	2569.118408	2687.000000	2629.322510	4095.000000	2634.322510	
810	2399.141602	2558.854248	4095.000000	2568.429199	2687.000000	2630.570801	4095.000000	2633.854248	
811	2398.832764	2557.249268	4095.000000	2569.000000	2687.832764	2630.416504	4095.000000	2633.082031	
812	2399.597168	2559.000000	4095.000000	2568.597168	2687.791260	2629.388428	4095.000000	2635.194092	
813	2397.831787	2559.000000	4095.000000	2568.000000	2686.778809	2628.168213	4095.000000	2634.000000	
814	2396.375977	2559.751709	4095.000000	2568.375977	2686.496582	2628.496582	4095.000000	2634.751709	
815	2396.275879	2560.275879	4095.000000	2569.362061	2685.085938	2626.362061	4095.000000	2635.275879	
816	2395.696045	2559.000000	4095.000000	2568.955811	2685.955811	2628.044189	4092.872803	2633.651855	
817	2397.000000	2559.000000	4095.000000	2568.672119	2684.668945	2629.331055	4089.625732	2632.665527	
818	2397.320557	2559.000000	4084.575684	2569.756592	2685.359131	2627.679443	4089.355957	2632.961426	
819	2397.387695	2558.693848	4095.000000	2565.612305	2685.531006	2628.837158	4095.000000	2635.306152	
820	2396.291992	2558.000000	4095.000000	2567.875732	2687.540527	2631.832520	4095.000000	2635.124268	
821	2396.722412	2557.722412	4095.000000	2570.277588	2684.277588	2629.555176	4095.000000	2633.832764	
822	2396.000000	2557.526611	4088.630615	2570.473389	2684.473389	2630.210205	4095.000000	2636.000000	
823	2396.000000	2558.502686	4093.935059	2568.751465	2683.994629	2628.248535	4095.000000	2635.751465	
824	2396.466797	2557.700439	4095.000000	2567.766602	2686.766602	2629.233398	4095.000000	2634.066162	
825	2397.781250	2559.562256	4074.192383	2567.656494	2686.000000	2630.000000	4095.000000	2631.437744	
826	2396.795898	2558.000000	4095.000000	2569.387939	2686.000000	2630.000000	4087.323486	2633.000000	
827	2396.188965	2558.000000	4095.000000	2567.377930	2686.188965	2629.622070	4095.000000	2633.377930	
828	2397.172852	2558.172852	4095.000000	2568.827148	2686.308350	2628.000000	4095.000000	2634.654297	
829	2397.686035	2558.843018	4095.000000	2568.000000	2683.627686	2627.843018	4073.201416	2633.156982	
830	2396.422119	2558.281250	4095.000000	2568.000000	2687.000000	2627.281250	4095.000000	2633.859375	
831	2398.503906	2559.751953	4095.000000	2567.751953	2687.124023	2629.248047	4095.000000	2633.372070	
832	2395.106934	2558.214111	4095.000000	2566.000000	2687.678955	2630.678955	4085.070557	2635.785889	
833	2395.818115	2560.000000	4064.909912	2566.272949	2685.272949	2628.363770	4094.091064	2634.363770	
834	2394.149170	2559.925537	4085.416260	2569.000000	2687.552734	2631.776367	4095.000000	2637.850830	
835	2396.000000	2558.824707	4095.000000	2569.000000	2682.233643	2629.116699	4095.000000	2635.941650	
836	2396.126953	2556.169189	4095.000000	2568.957764	2686.084717	2630.957764	4081.719238	2635.042236	
837	2398.972900	2559.945557	4095.000000	2568.000000	2688.000000	2629.945557	4095.000000	2635.972900	
838	2397.965088	2557.988281	4088.372559	2568.000000	2688.000000	2627.988281	4095.000000	2634.988281	
839	2395.012451	2557.004150	4095.000000	2568.000000	2688.000000	2627.004150	4095.000000	2634.004150	
840	2396.959229	2557.000000	4095.000000	2565.061279	2683.102051	2626.020508	4095.000000	2634.979492	
841	2395.070068	2556.035156	4095.000000	2565.964844	2684.929932	2625.035156	4095.000000	2633.070068	
842	2395.951172	2555.048828	4095.000000	2567.902344	2684.048828	2627.853516	4095.000000	2632.048828	
843	2396.938232	2555.938232	4095.000000	2565.185547	2686.814453	2629.876465	4095.000000	2632.938232	
844	2397.000000	2557.850586	4095.000000	2566.850586	2687.925293	2630.925293	4095.000000	2633.925293	
845	2395.173096	2556.173096	4095.000000	2566.086426	2684.345947	2627.345947	4095.000000	2634.913574	
846	2395.902588	2558.708008	4083.434082	2568.708008	2685.805176	2626.097412	4089.973633	2635.902588	
847	2398.678467	2560.785645	4095.000000	2566.321533	2683.321533	2624.214355	4095.000000	2635.107178	
848	2399.000000	2559.233887	4095.000000	2567.766113	2687.415527	2626.649414	4095.000000	2635.883057	
849	2396.376465	2560.749023	4095.000000	2569.749023	2687.125488	2627.000000	4095.000000	2635.125488	
850	2398.599121	2559.267334	4095.000000	2569.133545	2687.000000	2629.599121	4095.000000	2634.133545	
851	2399.000000	2558.141113	4095.000000	2568.141113	2687.000000	2629.141113	4095.000000	2632.282227	
852	2398.148682	2557.148682	4095.000000	2569.702393	2686.148682	2630.702393	4086.718750	2634.553711	
853	2395.468750	2557.843750	4095.000000	2566.625000	2683.468750	2627.625000	4085.531250	2633.312500	
854	2395.835938	2559.672119	4095.000000	2567.672119	2683.835938	2627.835938	4095.000000	2631.327881	
855	2398.484619	2557.515381	4089.498535	2568.000000	2684.828125	2628.000000	4095.000000	2632.656250	
856	2396.542236	2558.638428	4095.000000	2569.638428	2685.819336	2631.277100	4095.000000	2633.000000	
857	2396.810059	2557.379883	4095.000000	2566.759521	2684.379883	2629.569580	4095.000000	2633.000000	
858	2396.199951	2557.000000	4095.000000	2567.599854	2686.399902	2629.800049	4095.000000	2635.399902	
859	2396.000000	2557.789795	4095.000000	2568.789795	2686.210205	2628.420410	4095.000000	2633.630615	
860	2398.336670	2558.778809	4094.200439	2566.663330	2687.557861	2629.557861	4095.000000	2633.778809	
861	2397.463379	2558.231689	4095.000000	2564.463379	2685.695068	2625.390137	4095.000000	2636.304932	
862	2394.726562	2558.757812	4095.000000	2564.757812	2685.000000	2627.031250	4085.162598	2635.484375	
863	2395.493652	2556.759521	4090.746826	2565.746826	2686.493652	2625.759521	4092.391602	2633.506348	
864	2395.265381	2556.000000	4095.000000	2568.938721	2687.734619	2627.204102	4095.000000	2633.734619	
865	2393.554688	2557.445312	4095.000000	2567.832275	2686.554688	2626.554688	4095.000000	2634.722656	
866	2396.549072	2558.709717	4095.000000	2568.419678	2686.709717	2628.129395	4095.000000	2633.580322	
867	2398.000000	2557.606445	4095.000000	2569.000000	2686.303223	2627.606445	4090.000000	2633.696777	
868	2400.049316	2558.366211	4095.000000	2568.316895	2686.000000	2626.316895	4095.000000	2633.316895	
869	2394.982910	2558.331543	4089.560059	2569.337158	2685.331543	2626.668457	4095.000000	2633.668457	
870	2394.613037	2558.000000	4084.064941	2569.346680	2686.306396	2626.346680	4095.000000	2634.000000	
871	2397.274414	2557.362793	4095.000000	2566.451172	2685.725586	2628.548828	4095.000000	2633.362793	
872	2396.757812	2556.378906	4095.000000	2566.242188	2685.000000	2628.757812	4095.000000	2634.863281	
873	2396.000000	2558.421875	4095.000000	2568.210938	2685.000000	2628.605469	4095.000000	2636.000000	
874	2396.000000	2559.409424	4094.007812	2570.181152	2687.952881	2627.818848	4095.000000	2636.590576	
875	2397.152100	2558.423828	4089.032715	2569.847900	2687.695557	2629.880615	4095.000000	2635.271729	
876	2397.438232	2559.123291	4095.000000	2569.000000	2684.876709	2629.753418	4095.000000	2634.000000	
877	2397.547119	2559.452881	4095.000000	2568.452881	2684.547119	2627.452881	4087.755859	2633.452881	
878	2397.467285	2559.532715	4095.000000	2567.467285	2685.532715	2627.532715	4095.000000	2633.532715	
879	2397.518799	2559.481201	4095.000000	2566.481201	2686.518799	2628.000000	4095.000000	2633.481201	
880	2398.505371	2557.484131	4095.000000	2566.000000	2686.494629	2628.000000	4081.271729	2633.505371	
881	2399.000000	2557.478027	4095.000000	2565.507324	2685.014648	2625.536865	4087.095703	2634.000000	
882	2397.074463	2558.037354	4095.000000	2566.444092	2685.444092	2624.444092	4095.000000	2634.000000	
883	2395.470703	2555.587891	4095.000000	2566.116943	2685.587891	2626.470703	4095.000000	2631.646240	
884	2395.539795	2555.841064	4095.000000	2566.301270	2684.460205	2628.380859	4095.000000	2629.460205	
885	2394.550049	2557.100098	4095.000000	2566.750244	2683.650146	2627.750244	4095.000000	2630.449951	
886	2394.440186	2556.000000	4095.000000	2566.200439	2682.880127	2625.880127	4095.000000	2632.760254	
887	2396.721680	2555.139160	4094.025879	2568.569580	2684.000000	2625.708740	4095.000000	2633.278320	
888	2397.318359	2555.681641	4095.000000	2568.840820	2685.261230	2624.840820	4095.000000	2633.102051	
889	2395.000000	2557.179932	4095.000000	2568.359863	2685.359863	2625.589844	4095.000000	2633.949707	
890	2396.599121	2556.399658	4087.397461	2567.599121	2684.998779	2626.599121	4095.000000	2633.398682	
891	2398.220703	2557.779297	4091.661865	2570.389648	2687.610352	2629.389648	4095.000000	2636.220703	
892	2397.379395	2559.758789	4086.103271	2570.620605	2688.517334	2630.000000	4095.000000	2635.758789	
893	2398.000000	2560.262695	4085.580811	2569.262695	2689.893799	2629.631348	4095.000000	2637.000000	
894	2397.641113	2559.000000	4095.000000	2568.358887	2688.358887	2629.358887	4095.000000	2636.641113	
895	2397.349365	2558.650635	4095.000000	2568.301270	2687.602783	2629.301270	4080.705078	2635.301270	
896	2398.339844	2557.660156	4095.000000	2567.339844	2685.000000	2628.679688	4095.000000	2634.000000	
897	2398.009766	2556.669922	4095.000000	2567.669922	2684.669922	2629.339844	4095.000000	2633.669922	
898	2396.000000	2556.000000	4095.000000	2566.359375	2684.320312	2628.000000	4094.751465	2633.640625	
899	2396.310547	2556.000000	4095.000000	2565.931396	2684.068604	2628.000000	4095.000000	2633.758057	
900	2397.000000	2556.000000	4086.729492	2567.699463	2683.502930	2628.300537	4095.000000	2632.202393	
901	2396.709473	2556.581055	4095.000000	2567.000000	2686.709473	2628.418945	4095.000000	2634.709473	
902	2396.280518	2557.158691	4095.000000	2566.719482	2686.280518	2627.841309	4094.862061	2635.121582	
903	2397.270020	2555.810303	4095.000000	2566.540283	2686.729980	2629.459717	4095.000000	2636.649414	
904	2397.481689	2558.000000	4095.000000	2568.518311	2686.777344	2628.518311	4095.000000	2633.259033	
905	2396.000000	2557.752686	4095.000000	2569.752686	2688.752686	2629.010986	4095.000000	2633.752686	
906	2395.764648	2557.000000	4095.000000	2569.000000	2687.529297	2626.941650	4095.000000	2633.706055	
907	2395.894775	2557.223633	4095.000000	2568.552490	2686.223633	2630.000000	4095.000000	2636.000000	
908	2398.364502	2558.635498	4095.000000	2567.635498	2687.000000	2630.000000	4095.000000	2636.000000	
909	2396.598877	2560.600830	4095.000000	2569.800293	2687.199707	2629.401123	4095.000000	2635.001709	
910	2398.436768	2559.000000	4095.000000	2569.000000	2687.249023	2626.812256	4095.000000	2631.375488	
911	2396.527100	2558.472900	4095.000000	2568.648438	2684.000000	2626.351562	4095.000000	2632.824219	
912	2398.508545	2556.655273	4089.508545	2567.000000	2684.000000	2628.163818	4095.000000	2632.327637	
913	2395.697266	2559.545654	4087.605713	2567.000000	2684.000000	2628.545654	4095.000000	2634.000000	
914	2394.139160	2557.417725	4095.000000	2567.278564	2684.417725	2626.417725	4079.760010	2634.139160	
915	2395.126953	2559.873047	4095.000000	2568.619141	2686.873047	2628.873047	4095.000000	2634.619141	
916	2395.770508	2559.000000	4092.146973	2566.229492	2685.885254	2628.229492	4095.000000	2632.229492	
917	2394.305908	2559.000000	4095.000000	2568.000000	2684.694092	2629.592041	4095.000000	2633.592041	
918	2397.089844	2558.820312	4095.000000	2567.730469	2682.359375	2626.179688	4095.000000	2630.449219	
919	2397.922363	2556.922363	4095.000000	2565.077637	2685.844482	2628.077637	4095.000000	2634.766846	
920	2396.934814	2556.195801	4095.000000	2566.065186	2684.130615	2628.738770	4095.000000	2632.130615	
921	2396.000000	2558.895508	4095.000000	2566.947754	2685.895508	2625.052246	4095.000000	2634.052246	
922	2395.919922	2556.959961	4095.000000	2566.040039	2684.199951	2626.120117	4095.000000	2634.959961	
923	2394.083008	2556.027588	4082.328125	2567.083008	2688.916992	2629.027588	4093.438721	2634.000000	
924	2396.984131	2557.031738	4095.000000	2570.000000	2686.031738	2630.000000	4095.000000	2634.015869	
925	2396.000000	2558.996338	4095.000000	2570.000000	2687.989258	2629.992920	4095.000000	2634.989258	
926	2396.000000	2558.008057	4095.000000	2570.000000	2685.023926	2628.015869	4095.000000	2632.023926	
927	2396.980713	2558.980713	4095.000000	2570.000000	2686.961426	2629.961426	4095.000000	2635.923096	
928	2397.000000	2558.029785	4095.000000	2569.029785	2686.029785	2630.000000	4095.000000	2634.059570	
929	2397.000000	2559.918945	4070.459229	2569.959473	2687.918945	2630.000000	4095.000000	2632.081055	
930	2395.101562	2560.000000	4095.000000	2566.202881	2684.202881	2629.050781	4095.000000	2633.898438	
931	2395.938721	2559.061279	4095.000000	2567.877197	2684.938721	2629.000000	4095.000000	2637.754639	
932	2396.000000	2559.000000	4095.000000	2567.072266	2685.927734	2627.144287	4095.000000	2636.144287	
933	2397.832520	2557.167480	4061.523682	2568.832520	2686.000000	2629.748779	4095.000000	2634.167480	
934	2396.190430	2554.285645	4095.000000	2568.095215	2684.190430	2625.475830	4084.618164	2633.095215	
935	2396.000000	2557.571533	4095.000000	2568.000000	2687.571533	2629.464355	4074.071045	2634.785889	
936	2398.641357	2559.760986	4087.347900	2565.358643	2684.478271	2630.000000	4095.000000	2634.119629	
937	2398.132812	2559.132812	4095.000000	2566.734131	2684.000000	2626.531738	4095.000000	2635.734131	
938	2397.145508	2558.145508	4095.000000	2566.145508	2685.708984	2628.563477	4095.000000	2634.291016	
939	2398.684814	2559.684814	4095.000000	2567.684814	2686.000000	2630.684814	4095.000000	2635.684814	
940	2398.170166	2559.170166	4095.000000	2568.000000	2686.000000	2628.510254	4095.000000	2636.000000	
941	2397.183838	2555.735107	4091.918945	2568.816162	2689.264893	2628.000000	4095.000000	2635.183838	
942	2397.000000	2555.802002	4089.396240	2568.197998	2685.188477	2626.396240	4095.000000	2634.197998	
943	2396.212891	2555.212891	4092.148926	2567.212891	2687.148926	2627.574463	4095.000000	2634.000000	
944	2396.000000	2555.772461	4095.000000	2567.772461	2688.000000	2628.000000	4095.000000	2632.455322	
945	2395.243164	2555.243164	4095.000000	2570.270752	2688.000000	2629.513916	4095.000000	2632.756836	
946	2396.481689	2556.481689	4088.143799	2568.777588	2685.777588	2630.740723	4095.000000	2634.481689	
947	2397.724121	2557.724121	4083.517822	2568.724121	2689.345215	2631.724121	4095.000000	2635.000000	
948	2397.292480	2559.414795	4095.000000	2569.000000	2688.170410	2631.292480	4095.000000	2635.000000	
949	2396.309570	2558.619141	4095.000000	2569.690430	2687.690430	2629.619141	4095.000000	2636.380859	
950	2396.673340	2559.346680	4095.000000	2567.306641	2685.979980	2629.000000	4095.000000	2634.979980	
951	2399.627930	2558.029053	4095.000000	2568.627930	2686.970947	2629.656982	4095.000000	2634.656982	
952	2397.148438	2557.000000	4095.000000	2570.000000	2686.716064	2628.716064	4095.000000	2634.358154	
953	2395.627686	2558.255127	4095.000000	2568.744873	2686.627686	2629.255127	4095.000000	2635.255127	
954	2395.385986	2559.000000	4095.000000	2568.000000	2686.385986	2628.158203	4095.000000	2634.771973	
955	2395.601074	2555.994873	4095.000000	2566.798096	2683.595947	2627.601074	4095.000000	2632.798096	
956	2394.822021	2554.589111	4095.000000	2566.000000	2682.589111	2628.000000	4095.000000	2631.410889	
957	2393.421875	2555.578125	4095.000000	2568.312744	2684.156494	2628.000000	4095.000000	2631.578125	
958	2394.135986	2556.567871	4095.000000	2566.024170	2684.432129	2627.432129	4095.000000	2630.864014	
959	2395.557861	2557.000000	4095.000000	2566.347168	2684.557861	2626.442139	4095.000000	2631.673584	
960	2396.000000	2557.000000	4095.000000	2566.808350	2684.452148	2626.547852	4095.000000	2634.643799	
961	2396.000000	2557.538574	4095.000000	2569.308350	2684.538574	2628.077148	4095.000000	2633.845703	
962	2394.409424	2557.469727	4095.000000	2569.818848	2683.409424	2627.409424	4095.000000	2629.879150	
963	2394.567871	2559.090332	4095.000000	2568.045166	2682.522705	2627.567871	4095.000000	2632.180908	
964	2394.452148	2559.968262	4095.000000	2570.031738	2685.063721	2629.000000	4086.860107	2635.484131	
965	2394.021240	2560.021240	4095.000000	2571.000000	2686.489258	2630.021240	4095.000000	2636.021240	
966	2395.506104	2561.000000	4095.000000	2570.493896	2687.012207	2629.987793	4095.000000	2636.493896	
967	2395.498291	2559.494629	4092.043701	2570.501709	2688.000000	2628.498291	4095.000000	2637.505371	
968	2395.996582	2558.996582	4095.000000	2570.501709	2687.003418	2628.498291	4095.000000	2638.003418	
969	2396.504395	2561.486816	4087.733887	2570.991211	2687.486816	2630.486816	4064.300293	2637.991211	
970	2397.480225	2561.026611	4089.615723	2572.986816	2689.986816	2630.519775	4074.403809	2638.506592	
971	2398.508789	2559.491211	4089.525391	2572.526367	2688.543701	2628.017578	4085.612793	2638.000000	
972	2398.978027	2560.489014	4086.871094	2570.021973	2686.000000	2628.466797	4072.981445	2634.577148	
973	2398.055420	2560.513916	4091.692139	2569.000000	2686.972412	2630.972412	4054.704346	2633.916992	
974	2396.000000	2559.034668	4073.239990	2568.517334	2688.000000	2631.517334	4053.440430	2635.069336	
975	2397.915283	2556.563721	4051.314697	2568.478760	2687.521240	2631.478760	4084.199707	2633.957520	
976	2398.100342	2556.424805	4050.344727	2568.525146	2687.949951	2630.575195	4079.822754	2635.000000	
977	2396.941406	2558.470703	4060.520264	2568.000000	2688.058594	2628.529297	4076.111084	2635.000000	
978	2398.465820	2559.000000	4056.294189	2567.068115	2685.136475	2628.465820	4064.851807	2634.534180	
979	2397.157715	2559.921143	4052.141113	2567.381836	2684.842285	2629.000000	4060.261475	2633.539307	
980	2395.909912	2558.725098	4072.417480	2568.544922	2687.000000	2629.455078	4075.758545	2632.544922	
981	2396.551025	2558.244629	4095.000000	2569.795654	2688.346924	2630.000000	4095.000000	2634.244629	
982	2395.557617	2559.673096	4080.961182	2571.115479	2688.230957	2630.884521	4092.575928	2636.557617	
983	2396.739746	2558.000000	4070.557129	2570.435059	2686.869873	2631.130127	4095.000000	2636.000000	
984	2396.862793	2558.000000	4090.165283	2570.145020	2686.717529	2628.290283	4095.000000	2634.717529	
985	2394.419678	2559.259277	4095.000000	2569.839600	2684.580322	2626.839600	4077.541748	2634.679199	
986	2395.000000	2560.588379	4069.407227	2569.353516	2686.058105	2628.000000	4071.572998	2636.176758	
987	2395.403076	2560.806396	4073.872314	2569.015869	2687.790527	2628.806396	4095.000000	2635.806396	
988	2395.211182	2560.816895	4066.170654	2570.816895	2686.788818	2630.000000	4078.875488	2636.211182	
989	2395.540527	2559.000000	4074.052979	2569.000000	2688.385254	2629.614746	4095.000000	2635.385254	
990	2398.375488	2559.000000	4071.024658	2569.375488	2688.249268	2630.126221	4086.018555	2636.375488	
991	2398.634521	2559.365479	4085.416260	2570.365479	2688.096436	2631.634521	4090.050781	2636.269043	
992	2398.000000	2560.355713	4057.362305	2570.644287	2689.644287	2630.288574	4045.355713	2635.000000	
993	2398.346191	2561.346191	4083.191406	2570.000000	2689.346191	2630.038818	4043.922607	2634.653809	
994	2398.663330	2561.326660	4093.172119	2570.000000	2689.326660	2630.989990	4063.906250	2634.336670	
995	2398.653809	2560.326904	4095.000000	2571.634277	2688.980469	2629.980469	4095.000000	2635.980469	
996	2399.365479	2561.317139	4074.076172	2574.048340	2690.048340	2631.365479	4087.910889	2636.413818	
997	2397.691650	2561.691650	4077.909912	2571.691650	2687.691650	2630.000000	4095.000000	2634.541260	
998	2397.298828	2561.298828	4074.256104	2570.701172	2686.701172	2630.000000	4081.049561	2637.402100	
999	2397.132568	2561.421631	4095.000000	2569.421631	2686.289062	2628.843506	4095.000000	2636.289062	
1000	2394.442383	2558.606201	4076.424316	2568.278809	2686.442383	2626.836426	4093.084717	2636.442383	
1001	2394.072266	2555.804199	4051.278076	2569.000000	2685.536133	2629.804199	4087.999268	2636.072266	
1002	2396.229004	2558.513916	4043.070801	2568.742920	2686.742920	2630.972168	4042.438965	2637.972168	
1003	2394.491699	2559.754150	4089.004395	2568.737549	2686.491699	2628.245850	4095.000000	2635.737549	
1004	2396.000000	2558.295410	4058.031494	2569.590820	2686.590820	2629.000000	4060.031494	2637.295410	
1005	2396.224121	2556.447998	4087.508301	2566.120117	2683.792236	2629.672119	4095.000000	2635.224121	
1006	2396.573730	2558.000000	4044.930908	2569.360840	2689.573730	2631.360840	4067.489746	2635.360840	
1007	2394.797852	2558.202148	4095.000000	2567.202148	2687.191895	2629.404053	4095.000000	2633.606201	
1008	2393.809326	2558.618652	4064.388916	2567.809326	2684.190674	2630.427979	4045.108887	2635.237305	
1009	2393.359131	2557.538818	4091.380615	2567.538818	2685.538818	2628.538818	4095.000000	2632.718262	
1010	2395.000000	2558.988770	4058.910156	2569.831543	2687.325928	2629.988770	4063.854004	2635.325928	
1011	2395.000000	2555.104980	4081.161377	2569.000000	2684.473633	2625.789307	4069.527344	2632.789307	
1012	2395.000000	2560.115723	4028.169678	2568.557861	2686.705322	2629.410400	4056.158447	2636.410400	
1013	2394.863037	2555.136963	4085.904297	2566.410889	2685.547852	2626.547852	4080.110596	2633.136963	
1014	2394.252197	2556.504150	4086.184082	2569.504150	2688.747803	2630.000000	4046.150879	2634.378174	
1015	2396.115234	2560.345703	4095.000000	2573.345703	2687.806396	2630.691162	4063.622070	2637.460938	
1016	2397.312256	2563.520508	4044.120605	2576.000000	2694.208252	2636.208252	4036.142578	2641.520508	
1017	2400.278809	2568.093018	4095.000000	2576.743652	2696.464844	2638.557861	4086.676025	2646.278809	
1018	2403.000000	2569.162109	4060.107666	2583.837891	2701.081055	2644.000000	4066.756348	2649.162109	
1019	2403.273926	2571.205566	4080.917236	2582.273926	2702.342529	2644.342529	4093.478760	2651.205566	
1020	2407.055176	2573.944824	4038.834473	2586.000000	2707.000000	2649.000000	4034.593994	2654.055176	
1021	2407.958008	2573.041992	4034.359619	2586.000000	2706.873779	2649.084229	4076.896973	2655.000000	
1022	2406.943359	2574.028320	4000.487549	2586.000000	2704.028320	2651.028320	4030.758057	2655.028320	
1023	2404.971680	2575.014160	4095.000000	2586.000000	2705.014160	2652.014160	4091.876709	2656.014160	
1024	
1025	
